"2024-05-23T18:47:14Z";"RELOAD_PLUGIN";"{"sender":{"name":"moibarpar123","op":true,"id":"569a4027-5680-3468-8fe0-972f55eb8c1b","entity-id":2802,"location":{"world":"world","x":727.9042768710225,"y":64.0,"z":2399.8014242920253,"yaw":-90.15034,"pitch":14.549882}}}"
"2024-05-23T19:09:52Z";"CREATE_CHEST";"{"chest":{"location":{"world":"world","x":719.0,"y":-47.0,"z":2382.0},"createdAt":1716491391870,"expireAt":1716493191870,"owner":{"name":"Yaziel","op":false,"id":"f0c07500-cc08-38d7-ac78-d4b8340431bb","entity-id":1722,"location":{"world":"world","x":718.2532378193721,"y":-44.75081292125532,"z":2381.7385677753236,"yaw":119.1048,"pitch":4.0500083}},"isProtected":false,"inventory":{"type":"CHEST","size":45,"content":[{"v":3839,"type":"DIAMOND_SWORD","meta":{"meta-type":"UNSPECIFIC","Damage":129}},{"v":3839,"type":"DIAMOND_PICKAXE","meta":{"meta-type":"UNSPECIFIC","enchants":{"minecraft:efficiency":4},"repair-cost":1,"Damage":1015}},{"v":3839,"type":"IRON_AXE","meta":{"meta-type":"UNSPECIFIC","Damage":130}},{"v":3839,"type":"GOLDEN_CARROT","amount":4},{"v":3839,"type":"CROSSBOW","meta":{"meta-type":"CROSSBOW","enchants":{"minecraft:piercing":2},"Damage":10}},{"v":3839,"type":"ENDER_PEARL"},{"v":3839,"type":"TORCH","amount":10},{"v":3839,"type":"GUNPOWDER","amount":5},{"v":3839,"type":"ARROW","amount":46},{"v":3839,"type":"CRAFTING_TABLE"},{"v":3839,"type":"BONE","amount":9},{"v":3839,"type":"ROTTEN_FLESH","amount":2},{"v":3839,"type":"RAW_IRON","amount":29},{"v":3839,"type":"COAL","amount":48},{"v":3839,"type":"BUCKET"},{"v":3839,"type":"RAW_GOLD"},{"v":3839,"type":"APPLE","amount":3},{"v":3839,"type":"OAK_LOG","amount":8},{"v":3839,"type":"FURNACE"},{"v":3839,"type":"OBSIDIAN","amount":21},{"v":3839,"type":"IRON_BOOTS","meta":{"meta-type":"ARMOR","Damage":45}},{"v":3839,"type":"IRON_LEGGINGS","meta":{"meta-type":"ARMOR","Damage":44}},{"v":3839,"type":"IRON_CHESTPLATE","meta":{"meta-type":"ARMOR","Damage":45}},{"v":3839,"type":"IRON_HELMET","meta":{"meta-type":"ARMOR","Damage":47}},{"v":3839,"type":"SHIELD","meta":{"meta-type":"TILE_ENTITY","Damage":221,"internal":"H4sIAAAAAAAA/+NiYOBi4HPKyU/Ods0rySypDElMZ2ZgrGIAAg4GpswUBoHczLzU5KLEtBKrpMS8vNQioHQlSBpIV4BoLgau5Pzcgvy81LySYmZk9SmJuYnpqUAld4EYAH/Ed0hqAAAA","blockMaterial":"SHIELD"}}]}}}"
"2024-05-23T19:10:53Z";"DESTROY_CHEST";"{"chest":{"location":{"world":"world","x":719.0,"y":-47.0,"z":2382.0},"createdAt":1716491391870,"expireAt":1716493191870,"owner":{"name":"Yaziel","op":false,"id":"f0c07500-cc08-38d7-ac78-d4b8340431bb","entity-id":1722,"location":{"world":"world","x":719.6814738264605,"y":-46.125,"z":2382.6301920046917,"yaw":145.79948,"pitch":84.14997}},"isProtected":false,"inventory":{"type":"CHEST","size":45,"content":[]}},"reason":"PLAYER","extra":{"player":{"name":"Yaziel","op":false,"id":"f0c07500-cc08-38d7-ac78-d4b8340431bb","entity-id":1722,"location":{"world":"world","x":719.6814738264605,"y":-46.125,"z":2382.6301920046917,"yaw":145.79948,"pitch":84.14997}}}}"
"2024-05-23T19:10:53Z";"DESTROY_CHEST";"{"chest":{"location":{"world":"world","x":719.0,"y":-47.0,"z":2382.0},"createdAt":1716491391870,"expireAt":1716493191870,"owner":{"name":"Yaziel","op":false,"id":"f0c07500-cc08-38d7-ac78-d4b8340431bb","entity-id":1722,"location":{"world":"world","x":719.6814738264605,"y":-46.125,"z":2382.6301920046917,"yaw":145.79948,"pitch":84.14997}},"isProtected":false,"inventory":{"type":"CHEST","size":45,"content":[]}},"reason":"PLAYER","extra":{"player":{"name":"Yaziel","op":false,"id":"f0c07500-cc08-38d7-ac78-d4b8340431bb","entity-id":1722,"location":{"world":"world","x":719.6814738264605,"y":-46.125,"z":2382.6301920046917,"yaw":145.79948,"pitch":84.14997}}}}"
"2024-05-23T19:10:54Z";"DESTROY_CHEST";"{"chest":{"location":{"world":"world","x":719.0,"y":-47.0,"z":2382.0},"createdAt":1716491391870,"expireAt":1716493191870,"owner":{"name":"Yaziel","op":false,"id":"f0c07500-cc08-38d7-ac78-d4b8340431bb","entity-id":1722,"location":{"world":"world","x":719.6814738264605,"y":-46.125,"z":2382.6301920046917,"yaw":145.79948,"pitch":84.14997}},"isProtected":false,"inventory":{"type":"CHEST","size":45,"content":[]}},"reason":"THIEF","extra":{"player":{"name":"Codrez","op":false,"id":"1e30e7bd-1b7d-35ba-a71c-92a0e379a0b6","entity-id":15,"location":{"world":"world","x":717.9010285111241,"y":-46.0,"z":2381.674095277038,"yaw":-64.04248,"pitch":42.000145}}}}"
"2024-05-23T19:10:54Z";"DESTROY_CHEST";"{"chest":{"location":{"world":"world","x":719.0,"y":-47.0,"z":2382.0},"createdAt":1716491391870,"expireAt":1716493191870,"owner":{"name":"Yaziel","op":false,"id":"f0c07500-cc08-38d7-ac78-d4b8340431bb","entity-id":1722,"location":{"world":"world","x":719.6814738264605,"y":-46.125,"z":2382.6301920046917,"yaw":145.79948,"pitch":84.14997}},"isProtected":false,"inventory":{"type":"CHEST","size":45,"content":[]}},"reason":"THIEF","extra":{"player":{"name":"Codrez","op":false,"id":"1e30e7bd-1b7d-35ba-a71c-92a0e379a0b6","entity-id":15,"location":{"world":"world","x":717.9010285111241,"y":-46.0,"z":2381.674095277038,"yaw":-64.04248,"pitch":42.000145}}}}"
"2024-05-23T19:14:38Z";"CREATE_CHEST";"{"chest":{"location":{"world":"world","x":692.0,"y":45.0,"z":2389.0},"createdAt":1716491678770,"expireAt":1716493478770,"owner":{"name":"moibarpar123","op":true,"id":"569a4027-5680-3468-8fe0-972f55eb8c1b","entity-id":2802,"location":{"world":"world","x":694.577026313065,"y":46.00133597911215,"z":2386.2321640370956,"yaw":128.3944,"pitch":46.04998}},"isProtected":true,"inventory":{"type":"CHEST","size":45,"content":[{"v":3839,"type":"IRON_SWORD","meta":{"meta-type":"UNSPECIFIC","Damage":187}},{"v":3839,"type":"IRON_AXE","meta":{"meta-type":"UNSPECIFIC","Damage":141}},{"v":3839,"type":"CROSSBOW","meta":{"meta-type":"CROSSBOW","enchants":{"minecraft:piercing":3,"minecraft:quick_charge":1},"Damage":13}},{"v":3839,"type":"ENCHANTED_BOOK","meta":{"meta-type":"ENCHANTED","stored-enchants":{"minecraft:smite":4}}},{"v":3839,"type":"SPYGLASS"},{"v":3839,"type":"IRON_INGOT","amount":3},{"v":3839,"type":"IRON_PICKAXE","meta":{"meta-type":"UNSPECIFIC","Damage":33}},{"v":3839,"type":"COBBLESTONE","amount":19},{"v":3839,"type":"WIND_CHARGE","amount":4},{"v":3839,"type":"WHITE_BANNER","amount":2,"meta":{"meta-type":"BANNER","item-name":"{\"translate\":\"block.minecraft.ominous_banner\",\"color\":\"gold\"}","ItemFlags":["HIDE_ADDITIONAL_TOOLTIP"],"patterns":[{},{},{},{},{},{},{},{}]}},{"v":3839,"type":"SADDLE"},{"v":3839,"type":"STICK","amount":2},{"v":3839,"type":"APPLE","amount":2},{"v":3839,"type":"OAK_SAPLING"},{"v":3839,"type":"TORCH"},{"v":3839,"type":"WHEAT_SEEDS"},{"v":3839,"type":"CAULDRON","amount":4},{"v":3839,"type":"BOOK"},{"v":3839,"type":"DIRT"},{"v":3839,"type":"BREAD","amount":4},{"v":3839,"type":"EMERALD","amount":14},{"v":3839,"type":"TIPPED_ARROW","amount":9,"meta":{"meta-type":"POTION","potion-type":"minecraft:poison","custom-effects":[]}},{"v":3839,"type":"RAW_IRON","amount":7},{"v":3839,"type":"ROTTEN_FLESH","amount":2},{"v":3839,"type":"LEATHER"},{"v":3839,"type":"IRON_BLOCK","amount":2},{"v":3839,"type":"IRON_BOOTS","meta":{"meta-type":"ARMOR","Damage":150}},{"v":3839,"type":"DIAMOND_LEGGINGS","meta":{"meta-type":"ARMOR","Damage":16}},{"v":3839,"type":"DIAMOND_CHESTPLATE","meta":{"meta-type":"ARMOR","Damage":16}},{"v":3839,"type":"DIAMOND_HELMET","meta":{"meta-type":"ARMOR","Damage":16}},{"v":3839,"type":"SHIELD","meta":{"meta-type":"TILE_ENTITY","Damage":65,"internal":"H4sIAAAAAAAA/+NiYOBi4HPKyU/Ods0rySypDElMZ2ZgrGIAAg4GpswUBoHczLzU5KLEtBKrpMS8vNQioHQlSBpIV4BoLgau5Pzcgvy81LySYmZk9SmJuYnpqUAljkAMAGOa4b9qAAAA","blockMaterial":"SHIELD"}}]}}}"
"2024-05-23T19:15:21Z";"CREATE_CHEST";"{"chest":{"location":{"world":"world","x":690.0,"y":45.0,"z":2390.0},"createdAt":1716491721019,"expireAt":1716493521019,"owner":{"name":"moibarpar123","op":true,"id":"569a4027-5680-3468-8fe0-972f55eb8c1b","entity-id":2802,"location":{"world":"world","x":690.9761089132256,"y":45.0,"z":2390.6035607545023,"yaw":-164.7002,"pitch":30.149998}},"isProtected":true,"inventory":{"type":"CHEST","size":45,"content":[{"v":3839,"type":"DIAMOND_HELMET","meta":{"meta-type":"ARMOR","Damage":16}},{"v":3839,"type":"SHIELD","meta":{"meta-type":"TILE_ENTITY","Damage":65,"internal":"H4sIAAAAAAAA/+NiYOBi4HPKyU/Ods0rySypDElMZ2ZgrGIAAg4GpswUBoHczLzU5KLEtBKrpMS8vNQioHQlSBpIV4BoLgau5Pzcgvy81LySYmZk9SmJuYnpqUAljkAMAGOa4b9qAAAA","blockMaterial":"SHIELD"}}]}}}"
"2024-05-23T19:15:53Z";"DESTROY_CHEST";"{"chest":{"location":{"world":"world","x":692.0,"y":45.0,"z":2389.0},"createdAt":1716491678770,"expireAt":1716493478770,"owner":{"name":"moibarpar123","op":true,"id":"569a4027-5680-3468-8fe0-972f55eb8c1b","entity-id":2802,"location":{"world":"world","x":693.9923388255307,"y":45.0,"z":2390.613801507077,"yaw":136.95006,"pitch":38.700024}},"isProtected":true,"inventory":{"type":"CHEST","size":45,"content":[]}},"reason":"PLAYER","extra":{"player":{"name":"moibarpar123","op":true,"id":"569a4027-5680-3468-8fe0-972f55eb8c1b","entity-id":2802,"location":{"world":"world","x":693.9923388255307,"y":45.0,"z":2390.613801507077,"yaw":136.95006,"pitch":38.700024}}}}"
"2024-05-23T19:15:53Z";"DESTROY_CHEST";"{"chest":{"location":{"world":"world","x":692.0,"y":45.0,"z":2389.0},"createdAt":1716491678770,"expireAt":1716493478770,"owner":{"name":"moibarpar123","op":true,"id":"569a4027-5680-3468-8fe0-972f55eb8c1b","entity-id":2802,"location":{"world":"world","x":693.9923388255307,"y":45.0,"z":2390.613801507077,"yaw":136.95006,"pitch":38.700024}},"isProtected":true,"inventory":{"type":"CHEST","size":45,"content":[]}},"reason":"PLAYER","extra":{"player":{"name":"moibarpar123","op":true,"id":"569a4027-5680-3468-8fe0-972f55eb8c1b","entity-id":2802,"location":{"world":"world","x":693.9923388255307,"y":45.0,"z":2390.613801507077,"yaw":136.95006,"pitch":38.700024}}}}"
"2024-05-23T19:15:55Z";"DESTROY_CHEST";"{"chest":{"location":{"world":"world","x":690.0,"y":45.0,"z":2390.0},"createdAt":1716491721019,"expireAt":1716493521019,"owner":{"name":"moibarpar123","op":true,"id":"569a4027-5680-3468-8fe0-972f55eb8c1b","entity-id":2802,"location":{"world":"world","x":692.5589140034376,"y":45.0,"z":2390.294126515188,"yaw":87.000046,"pitch":32.250008}},"isProtected":true,"inventory":{"type":"CHEST","size":45,"content":[]}},"reason":"PLAYER","extra":{"player":{"name":"moibarpar123","op":true,"id":"569a4027-5680-3468-8fe0-972f55eb8c1b","entity-id":2802,"location":{"world":"world","x":692.5589140034376,"y":45.0,"z":2390.294126515188,"yaw":87.000046,"pitch":32.250008}}}}"
"2024-05-23T19:15:55Z";"DESTROY_CHEST";"{"chest":{"location":{"world":"world","x":690.0,"y":45.0,"z":2390.0},"createdAt":1716491721019,"expireAt":1716493521019,"owner":{"name":"moibarpar123","op":true,"id":"569a4027-5680-3468-8fe0-972f55eb8c1b","entity-id":2802,"location":{"world":"world","x":692.5589140034376,"y":45.0,"z":2390.294126515188,"yaw":87.000046,"pitch":32.250008}},"isProtected":true,"inventory":{"type":"CHEST","size":45,"content":[]}},"reason":"PLAYER","extra":{"player":{"name":"moibarpar123","op":true,"id":"569a4027-5680-3468-8fe0-972f55eb8c1b","entity-id":2802,"location":{"world":"world","x":692.5589140034376,"y":45.0,"z":2390.294126515188,"yaw":87.000046,"pitch":32.250008}}}}"
"2024-05-23T19:38:37Z";"CREATE_CHEST";"{"chest":{"location":{"world":"world","x":580.0,"y":65.0,"z":2316.0},"createdAt":1716493117965,"expireAt":1716494917965,"owner":{"name":"Yaziel","op":false,"id":"f0c07500-cc08-38d7-ac78-d4b8340431bb","entity-id":1722,"location":{"world":"world","x":580.1614195422444,"y":66.00133597911214,"z":2316.515279164337,"yaw":-44.54956,"pitch":33.450153}},"isProtected":false,"inventory":{"type":"CHEST","size":45,"content":[{"v":3839,"type":"DIAMOND_SWORD","meta":{"meta-type":"UNSPECIFIC","Damage":158}},{"v":3839,"type":"DIAMOND_PICKAXE","meta":{"meta-type":"UNSPECIFIC","enchants":{"minecraft:efficiency":4},"repair-cost":3,"Damage":459}},{"v":3839,"type":"IRON_AXE","meta":{"meta-type":"UNSPECIFIC","Damage":130}},{"v":3839,"type":"CROSSBOW","meta":{"meta-type":"CROSSBOW","enchants":{"minecraft:piercing":2},"Damage":11,"charged-projectiles":[{}]}},{"v":3839,"type":"WATER_BUCKET"},{"v":3839,"type":"OAK_PLANKS","amount":28},{"v":3839,"type":"COOKED_CHICKEN","amount":2},{"v":3839,"type":"COOKED_MUTTON","amount":2},{"v":3839,"type":"FLINT_AND_STEEL","meta":{"meta-type":"UNSPECIFIC","Damage":9}},{"v":3839,"type":"OBSIDIAN","amount":21},{"v":3839,"type":"FEATHER"},{"v":3839,"type":"ARROW","amount":45},{"v":3839,"type":"EGG"},{"v":3839,"type":"WHEAT_SEEDS","amount":2},{"v":3839,"type":"STICK"},{"v":3839,"type":"IRON_PICKAXE","meta":{"meta-type":"UNSPECIFIC","Damage":4}},{"v":3839,"type":"TIPPED_ARROW","amount":8,"meta":{"meta-type":"POTION","potion-type":"minecraft:poison","custom-effects":[]}},{"v":3839,"type":"MELON_SLICE","amount":8},{"v":3839,"type":"IRON_BOOTS","meta":{"meta-type":"ARMOR","Damage":72}},{"v":3839,"type":"IRON_LEGGINGS","meta":{"meta-type":"ARMOR","Damage":71}},{"v":3839,"type":"IRON_CHESTPLATE","meta":{"meta-type":"ARMOR","Damage":72}},{"v":3839,"type":"IRON_HELMET","meta":{"meta-type":"ARMOR","Damage":74}},{"v":3839,"type":"SHIELD","meta":{"meta-type":"TILE_ENTITY","Damage":261,"internal":"H4sIAAAAAAAA/+NiYOBi4HPKyU/Ods0rySypDElMZ2ZgrGIAAg4GpswUBoHczLzU5KLEtBKrpMS8vNQioHQlSBpIV4BoLgau5Pzcgvy81LySYmZk9SmJuYnpqQwMjKxAZQC5fPeWagAAAA\u003d\u003d","blockMaterial":"SHIELD"}}]}}}"
"2024-05-23T19:39:34Z";"DESTROY_CHEST";"{"chest":{"location":{"world":"world","x":580.0,"y":65.0,"z":2316.0},"createdAt":1716493117965,"expireAt":1716494917965,"owner":{"name":"Yaziel","op":false,"id":"f0c07500-cc08-38d7-ac78-d4b8340431bb","entity-id":1722,"location":{"world":"world","x":578.5481621855374,"y":64.0,"z":2315.3325664947556,"yaw":-59.400208,"pitch":3.599984}},"isProtected":false,"inventory":{"type":"CHEST","size":45,"content":[]}},"reason":"PLAYER","extra":{"player":{"name":"Yaziel","op":false,"id":"f0c07500-cc08-38d7-ac78-d4b8340431bb","entity-id":1722,"location":{"world":"world","x":578.5481621855374,"y":64.0,"z":2315.3325664947556,"yaw":-59.400208,"pitch":3.599984}}}}"
"2024-05-23T19:39:34Z";"DESTROY_CHEST";"{"chest":{"location":{"world":"world","x":580.0,"y":65.0,"z":2316.0},"createdAt":1716493117965,"expireAt":1716494917965,"owner":{"name":"Yaziel","op":false,"id":"f0c07500-cc08-38d7-ac78-d4b8340431bb","entity-id":1722,"location":{"world":"world","x":578.5481621855374,"y":64.0,"z":2315.3325664947556,"yaw":-59.400208,"pitch":3.599984}},"isProtected":false,"inventory":{"type":"CHEST","size":45,"content":[]}},"reason":"PLAYER","extra":{"player":{"name":"Yaziel","op":false,"id":"f0c07500-cc08-38d7-ac78-d4b8340431bb","entity-id":1722,"location":{"world":"world","x":578.5481621855374,"y":64.0,"z":2315.3325664947556,"yaw":-59.400208,"pitch":3.599984}}}}"
"2024-05-23T19:40:35Z";"CREATE_CHEST";"{"chest":{"location":{"world":"world","x":484.0,"y":61.0,"z":2308.0},"createdAt":1716493235023,"expireAt":1716495035023,"owner":{"name":"moibarpar123","op":true,"id":"569a4027-5680-3468-8fe0-972f55eb8c1b","entity-id":2802,"location":{"world":"world","x":484.414530049508,"y":61.09711953965671,"z":2308.9671600095025,"yaw":32.16974,"pitch":4.199969}},"isProtected":true,"inventory":{"type":"CHEST","size":45,"content":[{"v":3839,"type":"IRON_SWORD","meta":{"meta-type":"UNSPECIFIC","Damage":194}},{"v":3839,"type":"IRON_AXE","meta":{"meta-type":"UNSPECIFIC","Damage":141}},{"v":3839,"type":"CROSSBOW","meta":{"meta-type":"CROSSBOW","enchants":{"minecraft:piercing":3,"minecraft:quick_charge":1},"Damage":31}},{"v":3839,"type":"DIAMOND_SWORD","meta":{"meta-type":"UNSPECIFIC","enchants":{"minecraft:smite":4},"repair-cost":1,"Damage":16}},{"v":3839,"type":"SPYGLASS"},{"v":3839,"type":"IRON_PICKAXE","meta":{"meta-type":"UNSPECIFIC","Damage":168}},{"v":3839,"type":"DIRT","amount":12},{"v":3839,"type":"WHITE_WOOL","amount":5},{"v":3839,"type":"FLINT","amount":4},{"v":3839,"type":"FEATHER","amount":7},{"v":3839,"type":"DIAMOND"},{"v":3839,"type":"CHICKEN","amount":3},{"v":3839,"type":"MUTTON","amount":6},{"v":3839,"type":"MELON_SLICE","amount":5},{"v":3839,"type":"WHITE_BANNER","amount":2,"meta":{"meta-type":"BANNER","item-name":"{\"translate\":\"block.minecraft.ominous_banner\",\"color\":\"gold\"}","ItemFlags":["HIDE_ADDITIONAL_TOOLTIP"],"patterns":[{},{},{},{},{},{},{},{}]}},{"v":3839,"type":"SADDLE"},{"v":3839,"type":"OAK_SAPLING"},{"v":3839,"type":"TORCH"},{"v":3839,"type":"BOOK"},{"v":3839,"type":"COOKED_BEEF","amount":6},{"v":3839,"type":"WIND_CHARGE","amount":4},{"v":3839,"type":"DIAMOND_BOOTS","meta":{"meta-type":"ARMOR","Damage":21}},{"v":3839,"type":"DIAMOND_LEGGINGS","meta":{"meta-type":"ARMOR","Damage":38}},{"v":3839,"type":"DIAMOND_CHESTPLATE","meta":{"meta-type":"ARMOR","Damage":38}},{"v":3839,"type":"DIAMOND_HELMET","meta":{"meta-type":"ARMOR","Damage":38}},{"v":3839,"type":"SHIELD","meta":{"meta-type":"TILE_ENTITY","Damage":65,"internal":"H4sIAAAAAAAA/+NiYOBi4HPKyU/Ods0rySypDElMZ2ZgrGIAAg4GpswUBoHczLzU5KLEtBKrpMS8vNQioHQlSBpIV4BoLgau5Pzcgvy81LySYmZk9SmJuYnpqUAljkAMAGOa4b9qAAAA","blockMaterial":"SHIELD"}}]}}}"
"2024-05-23T19:40:54Z";"CREATE_CHEST";"{"chest":{"location":{"world":"world","x":487.0,"y":58.0,"z":2306.0},"createdAt":1716493254315,"expireAt":1716495054315,"owner":{"name":"moibarpar123","op":true,"id":"569a4027-5680-3468-8fe0-972f55eb8c1b","entity-id":2802,"location":{"world":"world","x":487.58119203923826,"y":58.66733018575601,"z":2306.300000011921,"yaw":134.55048,"pitch":-54.000023}},"isProtected":true,"inventory":{"type":"CHEST","size":45,"content":[{"v":3839,"type":"OAK_SAPLING"},{"v":3839,"type":"DIAMOND_CHESTPLATE","meta":{"meta-type":"ARMOR","Damage":38}},{"v":3839,"type":"WIND_CHARGE","amount":4},{"v":3839,"type":"BOOK"},{"v":3839,"type":"COOKED_BEEF","amount":6},{"v":3839,"type":"DIAMOND_BOOTS","meta":{"meta-type":"ARMOR","Damage":21}},{"v":3839,"type":"DIAMOND_LEGGINGS","meta":{"meta-type":"ARMOR","Damage":38}},{"v":3839,"type":"DIAMOND_HELMET","meta":{"meta-type":"ARMOR","Damage":38}},{"v":3839,"type":"SHIELD","meta":{"meta-type":"TILE_ENTITY","Damage":65,"internal":"H4sIAAAAAAAA/+NiYOBi4HPKyU/Ods0rySypDElMZ2ZgrGIAAg4GpswUBoHczLzU5KLEtBKrpMS8vNQioHQlSBpIV4BoLgau5Pzcgvy81LySYmZk9SmJuYnpqUAljkAMAGOa4b9qAAAA","blockMaterial":"SHIELD"}},{"v":3839,"type":"IRON_SWORD","meta":{"meta-type":"UNSPECIFIC","Damage":194}},{"v":3839,"type":"IRON_AXE","meta":{"meta-type":"UNSPECIFIC","Damage":141}},{"v":3839,"type":"CROSSBOW","meta":{"meta-type":"CROSSBOW","enchants":{"minecraft:piercing":3,"minecraft:quick_charge":1},"Damage":31}},{"v":3839,"type":"CHICKEN","amount":3},{"v":3839,"type":"DIAMOND"},{"v":3839,"type":"MUTTON","amount":6},{"v":3839,"type":"WHITE_BANNER","amount":2,"meta":{"meta-type":"BANNER","item-name":"{\"translate\":\"block.minecraft.ominous_banner\",\"color\":\"gold\"}","ItemFlags":["HIDE_ADDITIONAL_TOOLTIP"],"patterns":[{},{},{},{},{},{},{},{}]}},{"v":3839,"type":"SADDLE"}]}}}"
"2024-05-23T19:41:14Z";"DESTROY_CHEST";"{"chest":{"location":{"world":"world","x":487.0,"y":58.0,"z":2306.0},"createdAt":1716493254315,"expireAt":1716495054315,"owner":{"name":"moibarpar123","op":true,"id":"569a4027-5680-3468-8fe0-972f55eb8c1b","entity-id":2802,"location":{"world":"world","x":487.35852406313006,"y":59.459492214186575,"z":2301.479882872632,"yaw":-27.599535,"pitch":52.20002}},"isProtected":true,"inventory":{"type":"CHEST","size":45,"content":[]}},"reason":"PLAYER","extra":{"player":{"name":"moibarpar123","op":true,"id":"569a4027-5680-3468-8fe0-972f55eb8c1b","entity-id":2802,"location":{"world":"world","x":487.35852406313006,"y":59.459492214186575,"z":2301.479882872632,"yaw":-27.599535,"pitch":52.20002}}}}"
"2024-05-23T19:41:14Z";"DESTROY_CHEST";"{"chest":{"location":{"world":"world","x":487.0,"y":58.0,"z":2306.0},"createdAt":1716493254315,"expireAt":1716495054315,"owner":{"name":"moibarpar123","op":true,"id":"569a4027-5680-3468-8fe0-972f55eb8c1b","entity-id":2802,"location":{"world":"world","x":487.35852406313006,"y":59.459492214186575,"z":2301.479882872632,"yaw":-27.599535,"pitch":52.20002}},"isProtected":true,"inventory":{"type":"CHEST","size":45,"content":[]}},"reason":"PLAYER","extra":{"player":{"name":"moibarpar123","op":true,"id":"569a4027-5680-3468-8fe0-972f55eb8c1b","entity-id":2802,"location":{"world":"world","x":487.35852406313006,"y":59.459492214186575,"z":2301.479882872632,"yaw":-27.599535,"pitch":52.20002}}}}"
"2024-05-23T19:41:14Z";"CREATE_CHEST";"{"chest":{"location":{"world":"world","x":487.0,"y":59.0,"z":2301.0},"createdAt":1716493274814,"expireAt":1716495074814,"owner":{"name":"moibarpar123","op":true,"id":"569a4027-5680-3468-8fe0-972f55eb8c1b","entity-id":2802,"location":{"world":"world","x":488.05979321425605,"y":59.30277664485389,"z":2300.198671202154,"yaw":-10.349527,"pitch":28.500013}},"isProtected":true,"inventory":{"type":"CHEST","size":45,"content":[{"v":3839,"type":"DIAMOND_CHESTPLATE","meta":{"meta-type":"ARMOR","Damage":38}},{"v":3839,"type":"CROSSBOW","meta":{"meta-type":"CROSSBOW","enchants":{"minecraft:piercing":3,"minecraft:quick_charge":1},"Damage":31}},{"v":3839,"type":"IRON_SWORD","meta":{"meta-type":"UNSPECIFIC","Damage":194}},{"v":3839,"type":"IRON_AXE","meta":{"meta-type":"UNSPECIFIC","Damage":141}},{"v":3839,"type":"BOOK"},{"v":3839,"type":"DIAMOND"},{"v":3839,"type":"WHITE_BANNER","amount":2,"meta":{"meta-type":"BANNER","item-name":"{\"translate\":\"block.minecraft.ominous_banner\",\"color\":\"gold\"}","ItemFlags":["HIDE_ADDITIONAL_TOOLTIP"],"patterns":[{},{},{},{},{},{},{},{}]}},{"v":3839,"type":"CHICKEN","amount":3},{"v":3839,"type":"SADDLE"},{"v":3839,"type":"DIAMOND_HELMET","meta":{"meta-type":"ARMOR","Damage":38}},{"v":3839,"type":"SHIELD","meta":{"meta-type":"TILE_ENTITY","Damage":65,"internal":"H4sIAAAAAAAA/+NiYOBi4HPKyU/Ods0rySypDElMZ2ZgrGIAAg4GpswUBoHczLzU5KLEtBKrpMS8vNQioHQlSBpIV4BoLgau5Pzcgvy81LySYmZk9SmJuYnpqUAljkAMAGOa4b9qAAAA","blockMaterial":"SHIELD"}},{"v":3839,"type":"MUTTON","amount":6},{"v":3839,"type":"DIAMOND_LEGGINGS","meta":{"meta-type":"ARMOR","Damage":38}},{"v":3839,"type":"DIAMOND_BOOTS","meta":{"meta-type":"ARMOR","Damage":21}},{"v":3839,"type":"COOKED_BEEF","amount":6},{"v":3839,"type":"WIND_CHARGE","amount":4},{"v":3839,"type":"OAK_SAPLING"}]}}}"
"2024-05-23T19:42:09Z";"DESTROY_CHEST";"{"chest":{"location":{"world":"world","x":484.0,"y":61.0,"z":2308.0},"createdAt":1716493235023,"expireAt":1716495035023,"owner":{"name":"moibarpar123","op":true,"id":"569a4027-5680-3468-8fe0-972f55eb8c1b","entity-id":2802,"location":{"world":"world","x":487.0867989374558,"y":59.22581129149922,"z":2311.799769738001,"yaw":116.85304,"pitch":18.60001}},"isProtected":true,"inventory":{"type":"CHEST","size":45,"content":[]}},"reason":"PLAYER","extra":{"player":{"name":"moibarpar123","op":true,"id":"569a4027-5680-3468-8fe0-972f55eb8c1b","entity-id":2802,"location":{"world":"world","x":487.0867989374558,"y":59.22581129149922,"z":2311.799769738001,"yaw":116.85304,"pitch":18.60001}}}}"
"2024-05-23T19:42:09Z";"DESTROY_CHEST";"{"chest":{"location":{"world":"world","x":484.0,"y":61.0,"z":2308.0},"createdAt":1716493235023,"expireAt":1716495035023,"owner":{"name":"moibarpar123","op":true,"id":"569a4027-5680-3468-8fe0-972f55eb8c1b","entity-id":2802,"location":{"world":"world","x":487.0867989374558,"y":59.22581129149922,"z":2311.799769738001,"yaw":116.85304,"pitch":18.60001}},"isProtected":true,"inventory":{"type":"CHEST","size":45,"content":[]}},"reason":"PLAYER","extra":{"player":{"name":"moibarpar123","op":true,"id":"569a4027-5680-3468-8fe0-972f55eb8c1b","entity-id":2802,"location":{"world":"world","x":487.0867989374558,"y":59.22581129149922,"z":2311.799769738001,"yaw":116.85304,"pitch":18.60001}}}}"
"2024-05-23T19:42:32Z";"DESTROY_CHEST";"{"chest":{"location":{"world":"world","x":487.0,"y":59.0,"z":2301.0},"createdAt":1716493274814,"expireAt":1716495074814,"owner":{"name":"moibarpar123","op":true,"id":"569a4027-5680-3468-8fe0-972f55eb8c1b","entity-id":2802,"location":{"world":"world","x":490.0031568485585,"y":55.42510802943315,"z":2300.757911393095,"yaw":72.00311,"pitch":-11.400015}},"isProtected":true,"inventory":{"type":"CHEST","size":45,"content":[]}},"reason":"PLAYER","extra":{"player":{"name":"moibarpar123","op":true,"id":"569a4027-5680-3468-8fe0-972f55eb8c1b","entity-id":2802,"location":{"world":"world","x":490.0031568485585,"y":55.42510802943315,"z":2300.757911393095,"yaw":72.00311,"pitch":-11.400015}}}}"
"2024-05-23T19:42:32Z";"DESTROY_CHEST";"{"chest":{"location":{"world":"world","x":487.0,"y":59.0,"z":2301.0},"createdAt":1716493274814,"expireAt":1716495074814,"owner":{"name":"moibarpar123","op":true,"id":"569a4027-5680-3468-8fe0-972f55eb8c1b","entity-id":2802,"location":{"world":"world","x":490.0031568485585,"y":55.42510802943315,"z":2300.757911393095,"yaw":72.00311,"pitch":-11.400015}},"isProtected":true,"inventory":{"type":"CHEST","size":45,"content":[]}},"reason":"PLAYER","extra":{"player":{"name":"moibarpar123","op":true,"id":"569a4027-5680-3468-8fe0-972f55eb8c1b","entity-id":2802,"location":{"world":"world","x":490.0031568485585,"y":55.42510802943315,"z":2300.757911393095,"yaw":72.00311,"pitch":-11.400015}}}}"
"2024-05-23T19:42:48Z";"CREATE_CHEST";"{"chest":{"location":{"world":"world","x":476.0,"y":63.0,"z":2289.0},"createdAt":1716493368170,"expireAt":1716495168170,"owner":{"name":"moibarpar123","op":true,"id":"569a4027-5680-3468-8fe0-972f55eb8c1b","entity-id":2802,"location":{"world":"world","x":476.6115883240595,"y":63.0,"z":2289.0811128301334,"yaw":-56.54605,"pitch":16.949928}},"isProtected":true,"inventory":{"type":"CHEST","size":45,"content":[{"v":3839,"type":"TORCH"},{"v":3839,"type":"FEATHER","amount":7},{"v":3839,"type":"MELON_SLICE","amount":4},{"v":3839,"type":"WHITE_WOOL","amount":5},{"v":3839,"type":"DIRT","amount":12},{"v":3839,"type":"IRON_PICKAXE","meta":{"meta-type":"UNSPECIFIC","Damage":168}},{"v":3839,"type":"SPYGLASS"},{"v":3839,"type":"DIAMOND_SWORD","meta":{"meta-type":"UNSPECIFIC","enchants":{"minecraft:smite":4},"repair-cost":1,"Damage":16}},{"v":3839,"type":"FLINT","amount":4},{"v":3839,"type":"OAK_SAPLING"},{"v":3839,"type":"BOOK"},{"v":3839,"type":"WHITE_BANNER","amount":2,"meta":{"meta-type":"BANNER","item-name":"{\"translate\":\"block.minecraft.ominous_banner\",\"color\":\"gold\"}","ItemFlags":["HIDE_ADDITIONAL_TOOLTIP"],"patterns":[{},{},{},{},{},{},{},{}]}},{"v":3839,"type":"SADDLE"},{"v":3839,"type":"CHICKEN","amount":3},{"v":3839,"type":"DIAMOND"},{"v":3839,"type":"IRON_AXE","meta":{"meta-type":"UNSPECIFIC","Damage":141}},{"v":3839,"type":"IRON_SWORD","meta":{"meta-type":"UNSPECIFIC","Damage":194}},{"v":3839,"type":"CROSSBOW","meta":{"meta-type":"CROSSBOW","enchants":{"minecraft:piercing":3,"minecraft:quick_charge":1},"Damage":31}},{"v":3839,"type":"DIAMOND_CHESTPLATE","meta":{"meta-type":"ARMOR","Damage":38}},{"v":3839,"type":"DIAMOND_HELMET","meta":{"meta-type":"ARMOR","Damage":38}},{"v":3839,"type":"SHIELD","meta":{"meta-type":"TILE_ENTITY","Damage":65,"internal":"H4sIAAAAAAAA/+NiYOBi4HPKyU/Ods0rySypDElMZ2ZgrGIAAg4GpswUBoHczLzU5KLEtBKrpMS8vNQioHQlSBpIV4BoLgau5Pzcgvy81LySYmZk9SmJuYnpqUAljkAMAGOa4b9qAAAA","blockMaterial":"SHIELD"}},{"v":3839,"type":"MUTTON","amount":6},{"v":3839,"type":"DIAMOND_LEGGINGS","meta":{"meta-type":"ARMOR","Damage":38}},{"v":3839,"type":"DIAMOND_BOOTS","meta":{"meta-type":"ARMOR","Damage":21}},{"v":3839,"type":"COOKED_BEEF","amount":6},{"v":3839,"type":"WIND_CHARGE","amount":4}]}}}"
"2024-05-23T19:43:10Z";"DESTROY_CHEST";"{"chest":{"location":{"world":"world","x":476.0,"y":63.0,"z":2289.0},"createdAt":1716493368170,"expireAt":1716495168170,"owner":{"name":"moibarpar123","op":true,"id":"569a4027-5680-3468-8fe0-972f55eb8c1b","entity-id":2802,"location":{"world":"world","x":475.69999998807907,"y":63.582309611255205,"z":2290.5564531917717,"yaw":-19.949175,"pitch":60.899944}},"isProtected":true,"inventory":{"type":"CHEST","size":45,"content":[]}},"reason":"PLAYER","extra":{"player":{"name":"moibarpar123","op":true,"id":"569a4027-5680-3468-8fe0-972f55eb8c1b","entity-id":2802,"location":{"world":"world","x":475.69999998807907,"y":63.582309611255205,"z":2290.5564531917717,"yaw":-19.949175,"pitch":60.899944}}}}"
"2024-05-23T19:43:10Z";"DESTROY_CHEST";"{"chest":{"location":{"world":"world","x":476.0,"y":63.0,"z":2289.0},"createdAt":1716493368170,"expireAt":1716495168170,"owner":{"name":"moibarpar123","op":true,"id":"569a4027-5680-3468-8fe0-972f55eb8c1b","entity-id":2802,"location":{"world":"world","x":475.69999998807907,"y":63.582309611255205,"z":2290.5564531917717,"yaw":-19.949175,"pitch":60.899944}},"isProtected":true,"inventory":{"type":"CHEST","size":45,"content":[]}},"reason":"PLAYER","extra":{"player":{"name":"moibarpar123","op":true,"id":"569a4027-5680-3468-8fe0-972f55eb8c1b","entity-id":2802,"location":{"world":"world","x":475.69999998807907,"y":63.582309611255205,"z":2290.5564531917717,"yaw":-19.949175,"pitch":60.899944}}}}"
"2024-05-23T19:43:46Z";"CREATE_CHEST";"{"chest":{"location":{"world":"world","x":404.0,"y":54.0,"z":2339.0},"createdAt":1716493426522,"expireAt":1716495226522,"owner":{"name":"moibarpar123","op":true,"id":"569a4027-5680-3468-8fe0-972f55eb8c1b","entity-id":2802,"location":{"world":"world","x":404.36830160638294,"y":53.302527764936436,"z":2341.4215963342804,"yaw":18.150965,"pitch":17.249989}},"isProtected":true,"inventory":{"type":"CHEST","size":45,"content":[{"v":3839,"type":"SHIELD","meta":{"meta-type":"TILE_ENTITY","Damage":65,"internal":"H4sIAAAAAAAA/+NiYOBi4HPKyU/Ods0rySypDElMZ2ZgrGIAAg4GpswUBoHczLzU5KLEtBKrpMS8vNQioHQlSBpIV4BoLgau5Pzcgvy81LySYmZk9SmJuYnpqUAljkAMAGOa4b9qAAAA","blockMaterial":"SHIELD"}},{"v":3839,"type":"DIRT","amount":15},{"v":3839,"type":"DIAMOND_SWORD","meta":{"meta-type":"UNSPECIFIC","enchants":{"minecraft:smite":4},"repair-cost":1,"Damage":17}},{"v":3839,"type":"FLINT","amount":4},{"v":3839,"type":"CROSSBOW","meta":{"meta-type":"CROSSBOW","enchants":{"minecraft:piercing":3,"minecraft:quick_charge":1},"Damage":32}},{"v":3839,"type":"WHITE_WOOL","amount":5},{"v":3839,"type":"MELON_SLICE","amount":4},{"v":3839,"type":"FEATHER","amount":7},{"v":3839,"type":"TORCH"},{"v":3839,"type":"SPYGLASS"},{"v":3839,"type":"DIAMOND_BOOTS","meta":{"meta-type":"ARMOR","Damage":27}},{"v":3839,"type":"DIAMOND_LEGGINGS","meta":{"meta-type":"ARMOR","Damage":44}},{"v":3839,"type":"DIAMOND_HELMET","meta":{"meta-type":"ARMOR","Damage":44}},{"v":3839,"type":"DIAMOND_CHESTPLATE","meta":{"meta-type":"ARMOR","Damage":44}},{"v":3839,"type":"WHITE_BANNER","amount":2,"meta":{"meta-type":"BANNER","item-name":"{\"translate\":\"block.minecraft.ominous_banner\",\"color\":\"gold\"}","ItemFlags":["HIDE_ADDITIONAL_TOOLTIP"],"patterns":[{},{},{},{},{},{},{},{}]}},{"v":3839,"type":"MUTTON","amount":6},{"v":3839,"type":"COOKED_BEEF","amount":6},{"v":3839,"type":"WIND_CHARGE","amount":4},{"v":3839,"type":"IRON_SWORD","meta":{"meta-type":"UNSPECIFIC","Damage":194}},{"v":3839,"type":"IRON_AXE","meta":{"meta-type":"UNSPECIFIC","Damage":141}},{"v":3839,"type":"DIAMOND"},{"v":3839,"type":"CHICKEN","amount":3},{"v":3839,"type":"SADDLE"},{"v":3839,"type":"BOOK"},{"v":3839,"type":"OAK_SAPLING"},{"v":3839,"type":"IRON_PICKAXE","meta":{"meta-type":"UNSPECIFIC","Damage":168}}]}}}"
"2024-05-23T19:44:10Z";"DESTROY_CHEST";"{"chest":{"location":{"world":"world","x":404.0,"y":54.0,"z":2339.0},"createdAt":1716493426522,"expireAt":1716495226522,"owner":{"name":"moibarpar123","op":true,"id":"569a4027-5680-3468-8fe0-972f55eb8c1b","entity-id":2802,"location":{"world":"world","x":405.4164593604841,"y":52.07982304345424,"z":2337.3258202247616,"yaw":23.400654,"pitch":54.90003}},"isProtected":true,"inventory":{"type":"CHEST","size":45,"content":[]}},"reason":"PLAYER","extra":{"player":{"name":"moibarpar123","op":true,"id":"569a4027-5680-3468-8fe0-972f55eb8c1b","entity-id":2802,"location":{"world":"world","x":405.4164593604841,"y":52.07982304345424,"z":2337.3258202247616,"yaw":23.400654,"pitch":54.90003}}}}"
"2024-05-23T19:44:10Z";"DESTROY_CHEST";"{"chest":{"location":{"world":"world","x":404.0,"y":54.0,"z":2339.0},"createdAt":1716493426522,"expireAt":1716495226522,"owner":{"name":"moibarpar123","op":true,"id":"569a4027-5680-3468-8fe0-972f55eb8c1b","entity-id":2802,"location":{"world":"world","x":405.4164593604841,"y":52.07982304345424,"z":2337.3258202247616,"yaw":23.400654,"pitch":54.90003}},"isProtected":true,"inventory":{"type":"CHEST","size":45,"content":[]}},"reason":"PLAYER","extra":{"player":{"name":"moibarpar123","op":true,"id":"569a4027-5680-3468-8fe0-972f55eb8c1b","entity-id":2802,"location":{"world":"world","x":405.4164593604841,"y":52.07982304345424,"z":2337.3258202247616,"yaw":23.400654,"pitch":54.90003}}}}"
"2024-05-23T19:45:25Z";"CREATE_CHEST";"{"chest":{"location":{"world":"world","x":458.0,"y":62.0,"z":2315.0},"createdAt":1716493525562,"expireAt":1716495325562,"owner":{"name":"Yaziel","op":false,"id":"f0c07500-cc08-38d7-ac78-d4b8340431bb","entity-id":1722,"location":{"world":"world","x":457.57692931167804,"y":63.11447911216549,"z":2314.711557944665,"yaw":-17.699585,"pitch":28.049995}},"isProtected":false,"inventory":{"type":"CHEST","size":45,"content":[{"v":3839,"type":"DIAMOND_SWORD","meta":{"meta-type":"UNSPECIFIC","Damage":212}},{"v":3839,"type":"DIAMOND_PICKAXE","meta":{"meta-type":"UNSPECIFIC","enchants":{"minecraft:efficiency":4},"repair-cost":3,"Damage":461}},{"v":3839,"type":"IRON_AXE","meta":{"meta-type":"UNSPECIFIC","Damage":134}},{"v":3839,"type":"CROSSBOW","meta":{"meta-type":"CROSSBOW","enchants":{"minecraft:piercing":2},"Damage":16}},{"v":3839,"type":"FLINT_AND_STEEL","meta":{"meta-type":"UNSPECIFIC","Damage":9}},{"v":3839,"type":"MELON_SLICE","amount":7},{"v":3839,"type":"SALMON","amount":4},{"v":3839,"type":"OBSIDIAN","amount":12},{"v":3839,"type":"WATER_BUCKET"},{"v":3839,"type":"COBBLESTONE"},{"v":3839,"type":"OAK_PLANKS","amount":28},{"v":3839,"type":"ARROW","amount":42},{"v":3839,"type":"FEATHER"},{"v":3839,"type":"EGG"},{"v":3839,"type":"WHEAT_SEEDS","amount":3},{"v":3839,"type":"STICK"},{"v":3839,"type":"IRON_PICKAXE","meta":{"meta-type":"UNSPECIFIC","Damage":4}},{"v":3839,"type":"IRON_BOOTS","meta":{"meta-type":"ARMOR","Damage":91}},{"v":3839,"type":"IRON_LEGGINGS","meta":{"meta-type":"ARMOR","Damage":90}},{"v":3839,"type":"IRON_CHESTPLATE","meta":{"meta-type":"ARMOR","Damage":91}},{"v":3839,"type":"IRON_HELMET","meta":{"meta-type":"ARMOR","Damage":93}}]}}}"
"2024-05-23T19:45:48Z";"DESTROY_CHEST";"{"chest":{"location":{"world":"world","x":458.0,"y":62.0,"z":2315.0},"createdAt":1716493525562,"expireAt":1716495325562,"owner":{"name":"Yaziel","op":false,"id":"f0c07500-cc08-38d7-ac78-d4b8340431bb","entity-id":1722,"location":{"world":"world","x":457.7222478669833,"y":62.0,"z":2313.610443887474,"yaw":-20.546808,"pitch":29.399971}},"isProtected":false,"inventory":{"type":"CHEST","size":45,"content":[]}},"reason":"PLAYER","extra":{"player":{"name":"Yaziel","op":false,"id":"f0c07500-cc08-38d7-ac78-d4b8340431bb","entity-id":1722,"location":{"world":"world","x":457.7222478669833,"y":62.0,"z":2313.610443887474,"yaw":-20.546808,"pitch":29.399971}}}}"
"2024-05-23T19:45:48Z";"DESTROY_CHEST";"{"chest":{"location":{"world":"world","x":458.0,"y":62.0,"z":2315.0},"createdAt":1716493525562,"expireAt":1716495325562,"owner":{"name":"Yaziel","op":false,"id":"f0c07500-cc08-38d7-ac78-d4b8340431bb","entity-id":1722,"location":{"world":"world","x":457.7222478669833,"y":62.0,"z":2313.610443887474,"yaw":-20.546808,"pitch":29.399971}},"isProtected":false,"inventory":{"type":"CHEST","size":45,"content":[]}},"reason":"PLAYER","extra":{"player":{"name":"Yaziel","op":false,"id":"f0c07500-cc08-38d7-ac78-d4b8340431bb","entity-id":1722,"location":{"world":"world","x":457.7222478669833,"y":62.0,"z":2313.610443887474,"yaw":-20.546808,"pitch":29.399971}}}}"
"2024-05-23T19:46:19Z";"CREATE_CHEST";"{"chest":{"location":{"world":"world","x":490.0,"y":62.0,"z":2283.0},"createdAt":1716493579685,"expireAt":1716495379685,"owner":{"name":"moibarpar123","op":true,"id":"569a4027-5680-3468-8fe0-972f55eb8c1b","entity-id":2802,"location":{"world":"world","x":490.81399487507866,"y":62.03855054986316,"z":2283.4245280770983,"yaw":-91.25336,"pitch":24.59992}},"isProtected":true,"inventory":{"type":"CHEST","size":45,"content":[{"v":3839,"type":"IRON_SWORD","meta":{"meta-type":"UNSPECIFIC","Damage":194}},{"v":3839,"type":"SPYGLASS"},{"v":3839,"type":"CROSSBOW","meta":{"meta-type":"CROSSBOW","enchants":{"minecraft:piercing":3,"minecraft:quick_charge":1},"Damage":32}},{"v":3839,"type":"DIAMOND_SWORD","meta":{"meta-type":"UNSPECIFIC","enchants":{"minecraft:smite":4},"repair-cost":1,"Damage":33}},{"v":3839,"type":"COOKED_BEEF","amount":5},{"v":3839,"type":"SADDLE"},{"v":3839,"type":"IRON_AXE","meta":{"meta-type":"UNSPECIFIC","Damage":141}},{"v":3839,"type":"OAK_SAPLING"},{"v":3839,"type":"IRON_PICKAXE","meta":{"meta-type":"UNSPECIFIC","Damage":168}},{"v":3839,"type":"DIRT","amount":15},{"v":3839,"type":"FLINT","amount":4},{"v":3839,"type":"TORCH"},{"v":3839,"type":"BOOK"},{"v":3839,"type":"WHITE_BANNER","amount":2,"meta":{"meta-type":"BANNER","item-name":"{\"translate\":\"block.minecraft.ominous_banner\",\"color\":\"gold\"}","ItemFlags":["HIDE_ADDITIONAL_TOOLTIP"],"patterns":[{},{},{},{},{},{},{},{}]}},{"v":3839,"type":"WHITE_WOOL","amount":5},{"v":3839,"type":"MELON_SLICE","amount":4},{"v":3839,"type":"FEATHER","amount":7},{"v":3839,"type":"WIND_CHARGE","amount":4},{"v":3839,"type":"MUTTON","amount":6},{"v":3839,"type":"CHICKEN","amount":3},{"v":3839,"type":"DIAMOND"},{"v":3839,"type":"DIAMOND_BOOTS","meta":{"meta-type":"ARMOR","Damage":45}},{"v":3839,"type":"DIAMOND_LEGGINGS","meta":{"meta-type":"ARMOR","Damage":62}},{"v":3839,"type":"DIAMOND_CHESTPLATE","meta":{"meta-type":"ARMOR","Damage":62}},{"v":3839,"type":"DIAMOND_HELMET","meta":{"meta-type":"ARMOR","Damage":62}},{"v":3839,"type":"SHIELD","meta":{"meta-type":"TILE_ENTITY","Damage":131,"internal":"H4sIAAAAAAAA/+NiYOBi4HPKyU/Ods0rySypDElMZ2ZgrGIAAg4GpswUBoHczLzU5KLEtBKrpMS8vNQioHQlSBpIV4BoLgau5Pzcgvy81LySYmZk9SmJuYnpqUAlzUAMAO68pWNqAAAA","blockMaterial":"SHIELD"}}]}}}"
"2024-05-23T19:47:13Z";"DESTROY_CHEST";"{"chest":{"location":{"world":"world","x":490.0,"y":62.0,"z":2283.0},"createdAt":1716493579685,"expireAt":1716495379685,"owner":{"name":"moibarpar123","op":true,"id":"569a4027-5680-3468-8fe0-972f55eb8c1b","entity-id":2802,"location":{"world":"world","x":490.2307829621781,"y":62.0,"z":2284.237500011921,"yaw":-166.20027,"pitch":63.900024}},"isProtected":true,"inventory":{"type":"CHEST","size":45,"content":[]}},"reason":"PLAYER","extra":{"player":{"name":"moibarpar123","op":true,"id":"569a4027-5680-3468-8fe0-972f55eb8c1b","entity-id":2802,"location":{"world":"world","x":490.2307829621781,"y":62.0,"z":2284.237500011921,"yaw":-166.20027,"pitch":63.900024}}}}"
"2024-05-23T19:47:13Z";"DESTROY_CHEST";"{"chest":{"location":{"world":"world","x":490.0,"y":62.0,"z":2283.0},"createdAt":1716493579685,"expireAt":1716495379685,"owner":{"name":"moibarpar123","op":true,"id":"569a4027-5680-3468-8fe0-972f55eb8c1b","entity-id":2802,"location":{"world":"world","x":490.2307829621781,"y":62.0,"z":2284.237500011921,"yaw":-166.20027,"pitch":63.900024}},"isProtected":true,"inventory":{"type":"CHEST","size":45,"content":[]}},"reason":"PLAYER","extra":{"player":{"name":"moibarpar123","op":true,"id":"569a4027-5680-3468-8fe0-972f55eb8c1b","entity-id":2802,"location":{"world":"world","x":490.2307829621781,"y":62.0,"z":2284.237500011921,"yaw":-166.20027,"pitch":63.900024}}}}"
"2024-05-23T19:50:49Z";"CREATE_CHEST";"{"chest":{"location":{"world":"world","x":703.0,"y":65.0,"z":2385.0},"createdAt":1716493849357,"expireAt":1716495649357,"owner":{"name":"moibarpar123","op":true,"id":"569a4027-5680-3468-8fe0-972f55eb8c1b","entity-id":2802,"location":{"world":"world","x":703.8228882941131,"y":65.0,"z":2385.890446167547,"yaw":-83.10156,"pitch":5.2498617}},"isProtected":true,"inventory":{"type":"CHEST","size":45,"content":[{"v":3839,"type":"DIAMOND_SWORD","meta":{"meta-type":"UNSPECIFIC","enchants":{"minecraft:smite":4},"repair-cost":1,"Damage":33}},{"v":3839,"type":"BOOK"},{"v":3839,"type":"TORCH"},{"v":3839,"type":"FLINT","amount":4},{"v":3839,"type":"DIRT","amount":15},{"v":3839,"type":"MUTTON","amount":6},{"v":3839,"type":"DIAMOND_BOOTS","meta":{"meta-type":"ARMOR","Damage":45}},{"v":3839,"type":"DIAMOND_LEGGINGS","meta":{"meta-type":"ARMOR","Damage":62}},{"v":3839,"type":"DIAMOND_CHESTPLATE","meta":{"meta-type":"ARMOR","Damage":62}},{"v":3839,"type":"DIAMOND_HELMET","meta":{"meta-type":"ARMOR","Damage":62}},{"v":3839,"type":"SHIELD","meta":{"meta-type":"TILE_ENTITY","Damage":131,"internal":"H4sIAAAAAAAA/+NiYOBi4HPKyU/Ods0rySypDElMZ2ZgrGIAAg4GpswUBoHczLzU5KLEtBKrpMS8vNQioHQlSBpIV4BoLgau5Pzcgvy81LySYmZk9SmJuYnpqUAlzUAMAO68pWNqAAAA","blockMaterial":"SHIELD"}},{"v":3839,"type":"FEATHER","amount":7},{"v":3839,"type":"WIND_CHARGE","amount":4},{"v":3839,"type":"MELON_SLICE","amount":4},{"v":3839,"type":"WHITE_WOOL","amount":5},{"v":3839,"type":"WHITE_BANNER","amount":2,"meta":{"meta-type":"BANNER","item-name":"{\"translate\":\"block.minecraft.ominous_banner\",\"color\":\"gold\"}","ItemFlags":["HIDE_ADDITIONAL_TOOLTIP"],"patterns":[{},{},{},{},{},{},{},{}]}},{"v":3839,"type":"IRON_SWORD","meta":{"meta-type":"UNSPECIFIC","Damage":194}},{"v":3839,"type":"SPYGLASS"},{"v":3839,"type":"CROSSBOW","meta":{"meta-type":"CROSSBOW","enchants":{"minecraft:piercing":3,"minecraft:quick_charge":1},"Damage":32}},{"v":3839,"type":"COOKED_BEEF","amount":5},{"v":3839,"type":"SADDLE"},{"v":3839,"type":"IRON_AXE","meta":{"meta-type":"UNSPECIFIC","Damage":141}},{"v":3839,"type":"OAK_SAPLING"},{"v":3839,"type":"IRON_PICKAXE","meta":{"meta-type":"UNSPECIFIC","Damage":168}},{"v":3839,"type":"DIAMOND"},{"v":3839,"type":"CHICKEN","amount":3}]}}}"
"2024-05-23T19:51:04Z";"DESTROY_CHEST";"{"chest":{"location":{"world":"world","x":703.0,"y":65.0,"z":2385.0},"createdAt":1716493849357,"expireAt":1716495649357,"owner":{"name":"moibarpar123","op":true,"id":"569a4027-5680-3468-8fe0-972f55eb8c1b","entity-id":2802,"location":{"world":"world","x":704.9320734808051,"y":65.0,"z":2386.08087067477,"yaw":112.64992,"pitch":25.799995}},"isProtected":true,"inventory":{"type":"CHEST","size":45,"content":[]}},"reason":"PLAYER","extra":{"player":{"name":"moibarpar123","op":true,"id":"569a4027-5680-3468-8fe0-972f55eb8c1b","entity-id":2802,"location":{"world":"world","x":704.9320734808051,"y":65.0,"z":2386.08087067477,"yaw":112.64992,"pitch":25.799995}}}}"
"2024-05-23T19:51:04Z";"DESTROY_CHEST";"{"chest":{"location":{"world":"world","x":703.0,"y":65.0,"z":2385.0},"createdAt":1716493849357,"expireAt":1716495649357,"owner":{"name":"moibarpar123","op":true,"id":"569a4027-5680-3468-8fe0-972f55eb8c1b","entity-id":2802,"location":{"world":"world","x":704.9320734808051,"y":65.0,"z":2386.08087067477,"yaw":112.64992,"pitch":25.799995}},"isProtected":true,"inventory":{"type":"CHEST","size":45,"content":[]}},"reason":"PLAYER","extra":{"player":{"name":"moibarpar123","op":true,"id":"569a4027-5680-3468-8fe0-972f55eb8c1b","entity-id":2802,"location":{"world":"world","x":704.9320734808051,"y":65.0,"z":2386.08087067477,"yaw":112.64992,"pitch":25.799995}}}}"
"2024-05-23T19:53:08Z";"CREATE_CHEST";"{"chest":{"location":{"world":"world","x":723.0,"y":71.0,"z":2394.0},"createdAt":1716493988337,"expireAt":1716495788337,"owner":{"name":"Codrez","op":false,"id":"1e30e7bd-1b7d-35ba-a71c-92a0e379a0b6","entity-id":15,"location":{"world":"world","x":723.5200629117545,"y":71.0,"z":2394.463774328342,"yaw":-15.734863,"pitch":4.799994}},"isProtected":false,"inventory":{"type":"CHEST","size":45,"content":[{"v":3839,"type":"DIAMOND_AXE","meta":{"meta-type":"UNSPECIFIC","Damage":25}},{"v":3839,"type":"DIAMOND_SHOVEL","meta":{"meta-type":"UNSPECIFIC","Damage":154}},{"v":3839,"type":"COBBLED_DEEPSLATE","amount":57},{"v":3839,"type":"DIAMOND_PICKAXE","meta":{"meta-type":"UNSPECIFIC","Damage":349}},{"v":3839,"type":"TORCH","amount":12},{"v":3839,"type":"COD","amount":2},{"v":3839,"type":"SPRUCE_TRAPDOOR","amount":2},{"v":3839,"type":"WHEAT_SEEDS","amount":9},{"v":3839,"type":"COBBLED_DEEPSLATE","amount":64},{"v":3839,"type":"COBBLED_DEEPSLATE","amount":64},{"v":3839,"type":"COBBLED_DEEPSLATE","amount":64},{"v":3839,"type":"COBBLED_DEEPSLATE","amount":64},{"v":3839,"type":"COBBLED_DEEPSLATE","amount":64},{"v":3839,"type":"COBBLED_DEEPSLATE","amount":46},{"v":3839,"type":"COBBLED_DEEPSLATE","amount":64},{"v":3839,"type":"COBBLED_DEEPSLATE","amount":64},{"v":3839,"type":"COBBLED_DEEPSLATE","amount":64},{"v":3839,"type":"COAL","amount":4},{"v":3839,"type":"WHEAT","amount":2},{"v":3839,"type":"COBBLED_DEEPSLATE","amount":64},{"v":3839,"type":"DEEPSLATE"},{"v":3839,"type":"SUGAR_CANE"},{"v":3839,"type":"COBBLED_DEEPSLATE","amount":64},{"v":3839,"type":"SPRUCE_PLANKS","amount":2},{"v":3839,"type":"ROTTEN_FLESH","amount":10},{"v":3839,"type":"STICK","amount":48},{"v":3839,"type":"GLASS","amount":7},{"v":3839,"type":"DIAMOND_BOOTS","meta":{"meta-type":"ARMOR","Damage":21}},{"v":3839,"type":"DIAMOND_LEGGINGS","meta":{"meta-type":"ARMOR","Damage":21}},{"v":3839,"type":"DIAMOND_CHESTPLATE","meta":{"meta-type":"ARMOR","Damage":21}},{"v":3839,"type":"DIAMOND_HELMET","meta":{"meta-type":"ARMOR","Damage":21}},{"v":3839,"type":"SHIELD","meta":{"meta-type":"TILE_ENTITY","Damage":35,"internal":"H4sIAAAAAAAA/+NiYOBi4HPKyU/Ods0rySypDElMZ2ZgrGIAAg4GpswUBoHczLzU5KLEtBKrpMS8vNQioHQlSBpIV4BoLgau5Pzcgvy81LySYmZk9SmJuYnpqUAlykAMAOulzi5qAAAA","blockMaterial":"SHIELD"}}]}}}"
"2024-05-23T19:53:22Z";"CREATE_CHEST";"{"chest":{"location":{"world":"world","x":710.0,"y":63.0,"z":2429.0},"createdAt":1716494002687,"expireAt":1716495802687,"owner":{"name":"moibarpar123","op":true,"id":"569a4027-5680-3468-8fe0-972f55eb8c1b","entity-id":2802,"location":{"world":"world","x":711.7038843851312,"y":63.0,"z":2432.0923293928104,"yaw":-21.752563,"pitch":28.050108}},"isProtected":true,"inventory":{"type":"CHEST","size":45,"content":[{"v":3839,"type":"DIAMOND_SWORD","meta":{"meta-type":"UNSPECIFIC","enchants":{"minecraft:smite":4},"repair-cost":1,"Damage":33}},{"v":3839,"type":"SADDLE"},{"v":3839,"type":"OAK_SAPLING"},{"v":3839,"type":"IRON_PICKAXE","meta":{"meta-type":"UNSPECIFIC","Damage":168}},{"v":3839,"type":"DIAMOND"},{"v":3839,"type":"CHICKEN","amount":3},{"v":3839,"type":"CROSSBOW","meta":{"meta-type":"CROSSBOW","enchants":{"minecraft:piercing":3,"minecraft:quick_charge":1},"Damage":32}},{"v":3839,"type":"COOKED_BEEF","amount":5},{"v":3839,"type":"WIND_CHARGE","amount":4},{"v":3839,"type":"IRON_AXE","meta":{"meta-type":"UNSPECIFIC","Damage":141}},{"v":3839,"type":"MELON_SLICE","amount":4},{"v":3839,"type":"SPYGLASS"},{"v":3839,"type":"WHITE_BANNER","amount":2,"meta":{"meta-type":"BANNER","item-name":"{\"translate\":\"block.minecraft.ominous_banner\",\"color\":\"gold\"}","ItemFlags":["HIDE_ADDITIONAL_TOOLTIP"],"patterns":[{},{},{},{},{},{},{},{}]}},{"v":3839,"type":"FEATHER","amount":7},{"v":3839,"type":"SHIELD","meta":{"meta-type":"TILE_ENTITY","Damage":131,"internal":"H4sIAAAAAAAA/+NiYOBi4HPKyU/Ods0rySypDElMZ2ZgrGIAAg4GpswUBoHczLzU5KLEtBKrpMS8vNQioHQlSBpIV4BoLgau5Pzcgvy81LySYmZk9SmJuYnpqUAlzUAMAO68pWNqAAAA","blockMaterial":"SHIELD"}},{"v":3839,"type":"MUTTON","amount":6},{"v":3839,"type":"BOOK"},{"v":3839,"type":"TORCH"},{"v":3839,"type":"FLINT","amount":4},{"v":3839,"type":"DIRT","amount":15},{"v":3839,"type":"IRON_SWORD","meta":{"meta-type":"UNSPECIFIC","Damage":194}},{"v":3839,"type":"WHITE_WOOL","amount":5},{"v":3839,"type":"DIAMOND_BOOTS","meta":{"meta-type":"ARMOR","Damage":74}},{"v":3839,"type":"DIAMOND_LEGGINGS","meta":{"meta-type":"ARMOR","Damage":91}},{"v":3839,"type":"DIAMOND_CHESTPLATE","meta":{"meta-type":"ARMOR","Damage":91}},{"v":3839,"type":"DIAMOND_HELMET","meta":{"meta-type":"ARMOR","Damage":91}}]}}}"
"2024-05-23T19:53:34Z";"DESTROY_CHEST";"{"chest":{"location":{"world":"world","x":710.0,"y":63.0,"z":2429.0},"createdAt":1716494002687,"expireAt":1716495802687,"owner":{"name":"moibarpar123","op":true,"id":"569a4027-5680-3468-8fe0-972f55eb8c1b","entity-id":2802,"location":{"world":"world","x":711.8486852776903,"y":63.0,"z":2430.3394366798934,"yaw":121.510025,"pitch":25.505714}},"isProtected":true,"inventory":{"type":"CHEST","size":45,"content":[]}},"reason":"PLAYER","extra":{"player":{"name":"moibarpar123","op":true,"id":"569a4027-5680-3468-8fe0-972f55eb8c1b","entity-id":2802,"location":{"world":"world","x":711.8486852776903,"y":63.0,"z":2430.3394366798934,"yaw":121.510025,"pitch":25.505714}}}}"
"2024-05-23T19:53:34Z";"DESTROY_CHEST";"{"chest":{"location":{"world":"world","x":710.0,"y":63.0,"z":2429.0},"createdAt":1716494002687,"expireAt":1716495802687,"owner":{"name":"moibarpar123","op":true,"id":"569a4027-5680-3468-8fe0-972f55eb8c1b","entity-id":2802,"location":{"world":"world","x":711.8486852776903,"y":63.0,"z":2430.3394366798934,"yaw":121.510025,"pitch":25.505714}},"isProtected":true,"inventory":{"type":"CHEST","size":45,"content":[]}},"reason":"PLAYER","extra":{"player":{"name":"moibarpar123","op":true,"id":"569a4027-5680-3468-8fe0-972f55eb8c1b","entity-id":2802,"location":{"world":"world","x":711.8486852776903,"y":63.0,"z":2430.3394366798934,"yaw":121.510025,"pitch":25.505714}}}}"
"2024-05-23T19:53:51Z";"CREATE_CHEST";"{"chest":{"location":{"world":"world","x":722.0,"y":65.0,"z":2389.0},"createdAt":1716494031639,"expireAt":1716495831639,"owner":{"name":"moibarpar123","op":true,"id":"569a4027-5680-3468-8fe0-972f55eb8c1b","entity-id":2802,"location":{"world":"world","x":722.600804080247,"y":65.0,"z":2389.387827350996,"yaw":-3.1399775,"pitch":-70.34429}},"isProtected":true,"inventory":{"type":"CHEST","size":45,"content":[{"v":3839,"type":"DIAMOND_SWORD","meta":{"meta-type":"UNSPECIFIC","enchants":{"minecraft:smite":4},"repair-cost":1,"Damage":33}},{"v":3839,"type":"SADDLE"},{"v":3839,"type":"OAK_SAPLING"},{"v":3839,"type":"IRON_PICKAXE","meta":{"meta-type":"UNSPECIFIC","Damage":168}},{"v":3839,"type":"DIAMOND"},{"v":3839,"type":"CHICKEN","amount":3},{"v":3839,"type":"CROSSBOW","meta":{"meta-type":"CROSSBOW","enchants":{"minecraft:piercing":3,"minecraft:quick_charge":1},"Damage":32}},{"v":3839,"type":"COOKED_BEEF","amount":5},{"v":3839,"type":"WIND_CHARGE"},{"v":3839,"type":"FLINT","amount":4},{"v":3839,"type":"DIRT","amount":15},{"v":3839,"type":"IRON_SWORD","meta":{"meta-type":"UNSPECIFIC","Damage":194}},{"v":3839,"type":"WHITE_WOOL","amount":5},{"v":3839,"type":"WHITE_BANNER","amount":2,"meta":{"meta-type":"BANNER","item-name":"{\"translate\":\"block.minecraft.ominous_banner\",\"color\":\"gold\"}","ItemFlags":["HIDE_ADDITIONAL_TOOLTIP"],"patterns":[{},{},{},{},{},{},{},{}]}},{"v":3839,"type":"BOOK"},{"v":3839,"type":"TORCH"},{"v":3839,"type":"MUTTON","amount":6},{"v":3839,"type":"SHIELD","meta":{"meta-type":"TILE_ENTITY","Damage":131,"internal":"H4sIAAAAAAAA/+NiYOBi4HPKyU/Ods0rySypDElMZ2ZgrGIAAg4GpswUBoHczLzU5KLEtBKrpMS8vNQioHQlSBpIV4BoLgau5Pzcgvy81LySYmZk9SmJuYnpqUAlzUAMAO68pWNqAAAA","blockMaterial":"SHIELD"}},{"v":3839,"type":"FEATHER","amount":7},{"v":3839,"type":"SPYGLASS"},{"v":3839,"type":"MELON_SLICE","amount":4},{"v":3839,"type":"IRON_AXE","meta":{"meta-type":"UNSPECIFIC","Damage":141}},{"v":3839,"type":"DIAMOND_BOOTS","meta":{"meta-type":"ARMOR","Damage":84}},{"v":3839,"type":"DIAMOND_LEGGINGS","meta":{"meta-type":"ARMOR","Damage":101}},{"v":3839,"type":"DIAMOND_CHESTPLATE","meta":{"meta-type":"ARMOR","Damage":101}},{"v":3839,"type":"DIAMOND_HELMET","meta":{"meta-type":"ARMOR","Damage":101}}]}}}"
"2024-05-23T19:54:03Z";"DESTROY_CHEST";"{"chest":{"location":{"world":"world","x":722.0,"y":65.0,"z":2389.0},"createdAt":1716494031639,"expireAt":1716495831639,"owner":{"name":"moibarpar123","op":true,"id":"569a4027-5680-3468-8fe0-972f55eb8c1b","entity-id":2802,"location":{"world":"world","x":724.082391161768,"y":65.0,"z":2389.9909416227574,"yaw":115.0609,"pitch":39.00571}},"isProtected":true,"inventory":{"type":"CHEST","size":45,"content":[]}},"reason":"PLAYER","extra":{"player":{"name":"moibarpar123","op":true,"id":"569a4027-5680-3468-8fe0-972f55eb8c1b","entity-id":2802,"location":{"world":"world","x":724.082391161768,"y":65.0,"z":2389.9909416227574,"yaw":115.0609,"pitch":39.00571}}}}"
"2024-05-23T19:54:03Z";"DESTROY_CHEST";"{"chest":{"location":{"world":"world","x":722.0,"y":65.0,"z":2389.0},"createdAt":1716494031639,"expireAt":1716495831639,"owner":{"name":"moibarpar123","op":true,"id":"569a4027-5680-3468-8fe0-972f55eb8c1b","entity-id":2802,"location":{"world":"world","x":724.082391161768,"y":65.0,"z":2389.9909416227574,"yaw":115.0609,"pitch":39.00571}},"isProtected":true,"inventory":{"type":"CHEST","size":45,"content":[]}},"reason":"PLAYER","extra":{"player":{"name":"moibarpar123","op":true,"id":"569a4027-5680-3468-8fe0-972f55eb8c1b","entity-id":2802,"location":{"world":"world","x":724.082391161768,"y":65.0,"z":2389.9909416227574,"yaw":115.0609,"pitch":39.00571}}}}"
"2024-05-23T19:54:35Z";"CREATE_CHEST";"{"chest":{"location":{"world":"world","x":728.0,"y":64.0,"z":2391.0},"createdAt":1716494075742,"expireAt":1716495875742,"owner":{"name":"Yaziel","op":false,"id":"f0c07500-cc08-38d7-ac78-d4b8340431bb","entity-id":1722,"location":{"world":"world","x":728.8624238239375,"y":64.0,"z":2391.691643408245,"yaw":43.810627,"pitch":90.0}},"isProtected":false,"inventory":{"type":"CHEST","size":45,"content":[{"v":3839,"type":"DIAMOND_SWORD","meta":{"meta-type":"UNSPECIFIC","Damage":216}},{"v":3839,"type":"DIAMOND_PICKAXE","meta":{"meta-type":"UNSPECIFIC","enchants":{"minecraft:efficiency":4},"repair-cost":3,"Damage":461}},{"v":3839,"type":"IRON_AXE","meta":{"meta-type":"UNSPECIFIC","Damage":136}},{"v":3839,"type":"CROSSBOW","meta":{"meta-type":"CROSSBOW","enchants":{"minecraft:piercing":2},"Damage":17,"charged-projectiles":[{}]}},{"v":3839,"type":"OBSIDIAN","amount":12},{"v":3839,"type":"MACE"},{"v":3839,"type":"COOKED_PORKCHOP","amount":37},{"v":3839,"type":"GOLD_INGOT","amount":17},{"v":3839,"type":"ENCHANTED_GOLDEN_APPLE","amount":64},{"v":3839,"type":"DIAMOND","amount":64},{"v":3839,"type":"NETHERITE_INGOT","amount":6},{"v":3839,"type":"OAK_PLANKS","amount":28},{"v":3839,"type":"STICK"},{"v":3839,"type":"WATER_BUCKET"},{"v":3839,"type":"IRON_PICKAXE","meta":{"meta-type":"UNSPECIFIC","Damage":4}},{"v":3839,"type":"EGG"},{"v":3839,"type":"MELON_SLICE","amount":7},{"v":3839,"type":"FLINT_AND_STEEL","meta":{"meta-type":"UNSPECIFIC","Damage":9}},{"v":3839,"type":"ARROW","amount":41},{"v":3839,"type":"IRON_BOOTS","meta":{"meta-type":"ARMOR","Damage":99}},{"v":3839,"type":"IRON_LEGGINGS","meta":{"meta-type":"ARMOR","Damage":98}},{"v":3839,"type":"IRON_CHESTPLATE","meta":{"meta-type":"ARMOR","Damage":99}},{"v":3839,"type":"IRON_HELMET","meta":{"meta-type":"ARMOR","Damage":101}}]}}}"
"2024-05-23T19:54:42Z";"CREATE_CHEST";"{"chest":{"location":{"world":"world","x":727.0,"y":64.0,"z":2394.0},"createdAt":1716494082857,"expireAt":1716495882857,"owner":{"name":"Yaziel","op":false,"id":"f0c07500-cc08-38d7-ac78-d4b8340431bb","entity-id":1722,"location":{"world":"world","x":727.9765662455658,"y":64.0,"z":2394.0948668158976,"yaw":-178.05003,"pitch":19.950005}},"isProtected":false,"inventory":{"type":"CHEST","size":45,"content":[{"v":3839,"type":"COOKED_PORKCHOP","amount":37},{"v":3839,"type":"ENCHANTED_GOLDEN_APPLE","amount":64},{"v":3839,"type":"DIAMOND","amount":64},{"v":3839,"type":"NETHERITE_INGOT","amount":6}]}}}"
"2024-05-23T19:54:48Z";"DESTROY_CHEST";"{"chest":{"location":{"world":"world","x":727.0,"y":64.0,"z":2394.0},"createdAt":1716494082857,"expireAt":1716495882857,"owner":{"name":"Yaziel","op":false,"id":"f0c07500-cc08-38d7-ac78-d4b8340431bb","entity-id":1722,"location":{"world":"world","x":727.5233502246409,"y":64.0,"z":2397.52188112837,"yaw":-179.1,"pitch":20.550018}},"isProtected":false,"inventory":{"type":"CHEST","size":45,"content":[]}},"reason":"PLAYER","extra":{"player":{"name":"Yaziel","op":false,"id":"f0c07500-cc08-38d7-ac78-d4b8340431bb","entity-id":1722,"location":{"world":"world","x":727.5233502246409,"y":64.0,"z":2397.52188112837,"yaw":-179.1,"pitch":20.550018}}}}"
"2024-05-23T19:54:48Z";"DESTROY_CHEST";"{"chest":{"location":{"world":"world","x":727.0,"y":64.0,"z":2394.0},"createdAt":1716494082857,"expireAt":1716495882857,"owner":{"name":"Yaziel","op":false,"id":"f0c07500-cc08-38d7-ac78-d4b8340431bb","entity-id":1722,"location":{"world":"world","x":727.5233502246409,"y":64.0,"z":2397.52188112837,"yaw":-179.1,"pitch":20.550018}},"isProtected":false,"inventory":{"type":"CHEST","size":45,"content":[]}},"reason":"PLAYER","extra":{"player":{"name":"Yaziel","op":false,"id":"f0c07500-cc08-38d7-ac78-d4b8340431bb","entity-id":1722,"location":{"world":"world","x":727.5233502246409,"y":64.0,"z":2397.52188112837,"yaw":-179.1,"pitch":20.550018}}}}"
"2024-05-23T19:55:04Z";"DESTROY_CHEST";"{"chest":{"location":{"world":"world","x":728.0,"y":64.0,"z":2391.0},"createdAt":1716494075742,"expireAt":1716495875742,"owner":{"name":"Yaziel","op":false,"id":"f0c07500-cc08-38d7-ac78-d4b8340431bb","entity-id":1722,"location":{"world":"world","x":727.7774876728391,"y":64.0,"z":2395.7440121372697,"yaw":-173.84995,"pitch":17.400024}},"isProtected":false,"inventory":{"type":"CHEST","size":45,"content":[]}},"reason":"PLAYER","extra":{"player":{"name":"Yaziel","op":false,"id":"f0c07500-cc08-38d7-ac78-d4b8340431bb","entity-id":1722,"location":{"world":"world","x":727.7774876728391,"y":64.0,"z":2395.7440121372697,"yaw":-173.84995,"pitch":17.400024}}}}"
"2024-05-23T19:55:04Z";"DESTROY_CHEST";"{"chest":{"location":{"world":"world","x":728.0,"y":64.0,"z":2391.0},"createdAt":1716494075742,"expireAt":1716495875742,"owner":{"name":"Yaziel","op":false,"id":"f0c07500-cc08-38d7-ac78-d4b8340431bb","entity-id":1722,"location":{"world":"world","x":727.7774876728391,"y":64.0,"z":2395.7440121372697,"yaw":-173.84995,"pitch":17.400024}},"isProtected":false,"inventory":{"type":"CHEST","size":45,"content":[]}},"reason":"PLAYER","extra":{"player":{"name":"Yaziel","op":false,"id":"f0c07500-cc08-38d7-ac78-d4b8340431bb","entity-id":1722,"location":{"world":"world","x":727.7774876728391,"y":64.0,"z":2395.7440121372697,"yaw":-173.84995,"pitch":17.400024}}}}"
"2024-05-23T19:55:04Z";"DESTROY_CHEST";"{"chest":{"location":{"world":"world","x":728.0,"y":64.0,"z":2391.0},"createdAt":1716494075742,"expireAt":1716495875742,"owner":{"name":"Yaziel","op":false,"id":"f0c07500-cc08-38d7-ac78-d4b8340431bb","entity-id":1722,"location":{"world":"world","x":727.7774876728391,"y":64.0,"z":2395.7440121372697,"yaw":-173.84995,"pitch":17.400024}},"isProtected":false,"inventory":{"type":"CHEST","size":45,"content":[]}},"reason":"THIEF","extra":{"player":{"name":"moibarpar123","op":true,"id":"569a4027-5680-3468-8fe0-972f55eb8c1b","entity-id":2802,"location":{"world":"world","x":729.3537489403549,"y":64.0,"z":2393.8339628611902,"yaw":135.6106,"pitch":42.599915}}}}"
"2024-05-23T19:55:04Z";"DESTROY_CHEST";"{"chest":{"location":{"world":"world","x":728.0,"y":64.0,"z":2391.0},"createdAt":1716494075742,"expireAt":1716495875742,"owner":{"name":"Yaziel","op":false,"id":"f0c07500-cc08-38d7-ac78-d4b8340431bb","entity-id":1722,"location":{"world":"world","x":727.7774876728391,"y":64.0,"z":2395.7440121372697,"yaw":-173.84995,"pitch":17.400024}},"isProtected":false,"inventory":{"type":"CHEST","size":45,"content":[]}},"reason":"THIEF","extra":{"player":{"name":"moibarpar123","op":true,"id":"569a4027-5680-3468-8fe0-972f55eb8c1b","entity-id":2802,"location":{"world":"world","x":729.3537489403549,"y":64.0,"z":2393.8339628611902,"yaw":135.6106,"pitch":42.599915}}}}"
"2024-05-23T19:56:42Z";"DESTROY_CHEST";"{"chest":{"location":{"world":"world","x":723.0,"y":71.0,"z":2394.0},"createdAt":1716493988337,"expireAt":1716495788337,"owner":{"name":"Codrez","op":false,"id":"1e30e7bd-1b7d-35ba-a71c-92a0e379a0b6","entity-id":15,"location":{"world":"world","x":725.944189509687,"y":64.0,"z":2394.122731418507,"yaw":-26.549961,"pitch":-17.549911}},"isProtected":false,"inventory":{"type":"CHEST","size":45,"content":[]}},"reason":"THIEF","extra":{"player":{"name":"Yaziel","op":false,"id":"f0c07500-cc08-38d7-ac78-d4b8340431bb","entity-id":1722,"location":{"world":"world","x":722.6546473109679,"y":69.0,"z":2392.130535898906,"yaw":-25.349731,"pitch":-18.899988}}}}"
"2024-05-23T19:56:42Z";"DESTROY_CHEST";"{"chest":{"location":{"world":"world","x":723.0,"y":71.0,"z":2394.0},"createdAt":1716493988337,"expireAt":1716495788337,"owner":{"name":"Codrez","op":false,"id":"1e30e7bd-1b7d-35ba-a71c-92a0e379a0b6","entity-id":15,"location":{"world":"world","x":725.944189509687,"y":64.0,"z":2394.122731418507,"yaw":-26.549961,"pitch":-17.549911}},"isProtected":false,"inventory":{"type":"CHEST","size":45,"content":[]}},"reason":"THIEF","extra":{"player":{"name":"Yaziel","op":false,"id":"f0c07500-cc08-38d7-ac78-d4b8340431bb","entity-id":1722,"location":{"world":"world","x":722.6546473109679,"y":69.0,"z":2392.130535898906,"yaw":-25.349731,"pitch":-18.899988}}}}"
