{"stats":{"minecraft:custom":{"minecraft:interact_with_crafting_table":139,"minecraft:bell_ring":14,"minecraft:leave_game":7,"minecraft:time_since_death":207218,"minecraft:damage_resisted":129,"minecraft:sprint_one_cm":507812,"minecraft:damage_blocked_by_shield":3915,"minecraft:drop":566,"minecraft:talked_to_villager":23,"minecraft:play_time":640064,"minecraft:deaths":9,"minecraft:jump":3165,"minecraft:walk_on_water_one_cm":51057,"minecraft:enchant_item":5,"minecraft:interact_with_furnace":119,"minecraft:play_record":2,"minecraft:traded_with_villager":3,"minecraft:sleep_in_bed":49,"minecraft:damage_dealt":7956,"minecraft:player_kills":2,"minecraft:crouch_one_cm":4002,"minecraft:inspect_dispenser":2,"minecraft:mob_kills":44,"minecraft:interact_with_anvil":15,"minecraft:climb_one_cm":91031,"minecraft:walk_one_cm":2442491,"minecraft:damage_dealt_absorbed":21,"minecraft:sneak_time":3136,"minecraft:walk_under_water_one_cm":37494,"minecraft:boat_one_cm":239633,"minecraft:interact_with_blast_furnace":2,"minecraft:total_world_time":640064,"minecraft:time_since_rest":57967,"minecraft:damage_taken":5724,"minecraft:damage_absorbed":257,"minecraft:trigger_trapped_chest":7,"minecraft:swim_one_cm":75874,"minecraft:fly_one_cm":95766,"minecraft:open_chest":633,"minecraft:fish_caught":58,"minecraft:fall_one_cm":68349},"minecraft:dropped":{"minecraft:birch_planks":22,"minecraft:diamond_axe":1,"minecraft:cooked_beef":10,"minecraft:oak_log":47,"minecraft:diamond":2,"minecraft:cooked_porkchop":8,"minecraft:netherite_upgrade_smithing_template":1,"minecraft:crossbow":3,"minecraft:cod":2,"minecraft:dirt":13,"minecraft:gold_nugget":1,"minecraft:bone_block":25,"minecraft:sand":83,"minecraft:birch_log":5,"minecraft:fishing_rod":1,"minecraft:gold_ingot":137,"minecraft:stone_axe":3,"minecraft:cobbled_deepslate":6,"minecraft:obsidian":37,"minecraft:rotten_flesh":12,"minecraft:diamond_shovel":2,"minecraft:salmon":1,"minecraft:arrow":33,"minecraft:glass":38,"minecraft:enchanted_book":1,"minecraft:iron_ingot":3,"minecraft:bread":1,"minecraft:diamond_leggings":1,"minecraft:oak_fence":4,"minecraft:iron_helmet":2,"minecraft:cobblestone":152,"minecraft:spectral_arrow":5,"minecraft:stick":1,"minecraft:iron_block":1,"minecraft:golden_carrot":1,"minecraft:melon_slice":28,"minecraft:diamond_helmet":1,"minecraft:potion":2,"minecraft:iron_leggings":1,"minecraft:dried_kelp":9,"minecraft:iron_axe":1,"minecraft:iron_shovel":1,"minecraft:netherite_ingot":4,"minecraft:stone_sword":1,"minecraft:iron_boots":1,"minecraft:name_tag":1,"minecraft:diamond_sword":2,"minecraft:shield":3,"minecraft:diamond_chestplate":1,"minecraft:diamond_pickaxe":2,"minecraft:iron_chestplate":1,"minecraft:spider_eye":1,"minecraft:diamond_boots":3,"minecraft:bow":5,"minecraft:stone_pickaxe":1,"minecraft:magma_cream":32},"minecraft:crafted":{"minecraft:smooth_stone":3,"minecraft:oak_planks":996,"minecraft:oak_sign":6,"minecraft:melon":1,"minecraft:lightning_rod":1,"minecraft:stone":3,"minecraft:diamond_shovel":1,"minecraft:bookshelf":18,"minecraft:cooked_mutton":4,"minecraft:glass":191,"minecraft:hopper":2,"minecraft:bow":1,"minecraft:chest":20,"minecraft:cherry_fence":3,"minecraft:golden_boots":1,"minecraft:oak_slab":120,"minecraft:item_frame":1,"minecraft:deepslate":1,"minecraft:arrow":20,"minecraft:cooked_porkchop":5,"minecraft:diamond_axe":1,"minecraft:crafting_table":1,"minecraft:spruce_planks":124,"minecraft:baked_potato":7,"minecraft:iron_helmet":2,"minecraft:copper_ingot":89,"minecraft:campfire":1,"minecraft:light_gray_bed":1,"minecraft:dispenser":1,"minecraft:spruce_trapdoor":26,"minecraft:book":14,"minecraft:paper":45,"minecraft:cherry_sign":3,"minecraft:shield":1,"minecraft:stick":208,"minecraft:iron_ingot":30,"minecraft:light_gray_dye":3,"minecraft:shears":1,"minecraft:cherry_planks":96,"minecraft:golden_carrot":8,"minecraft:stone_shovel":1,"minecraft:smooth_stone_slab":6,"minecraft:fishing_rod":2,"minecraft:tripwire_hook":2,"minecraft:golden_chestplate":1,"minecraft:furnace":1,"minecraft:light_gray_wool":3,"minecraft:bone_meal":189,"minecraft:white_carpet":33,"minecraft:oak_trapdoor":10,"minecraft:glass_pane":64,"minecraft:polished_diorite":28,"minecraft:iron_axe":1,"minecraft:ladder":15,"minecraft:stone_pickaxe":1,"minecraft:diamond_boots":1,"minecraft:golden_helmet":1,"minecraft:enchanting_table":1,"minecraft:dried_kelp":9,"minecraft:cherry_log":24,"minecraft:stone_axe":2,"minecraft:bread":16,"minecraft:air":0,"minecraft:oak_fence_gate":1,"minecraft:white_wool":17,"minecraft:gold_nugget":63,"minecraft:oak_stairs":332,"minecraft:armor_stand":1,"minecraft:torch":16,"minecraft:trapped_chest":1},"minecraft:used":{"minecraft:tuff_bricks":11,"minecraft:iron_shovel":1,"minecraft:melon":1,"minecraft:dispenser":1,"minecraft:ladder":28,"minecraft:oak_sign":7,"minecraft:decorated_pot":3,"minecraft:chest":24,"minecraft:shield":55,"minecraft:rotten_flesh":1,"minecraft:iron_chestplate":1,"minecraft:soul_sand":25,"minecraft:mutton":1,"minecraft:carrot":4,"minecraft:tuff":5,"minecraft:stripped_spruce_log":3,"minecraft:glass":89,"minecraft:music_disc_pigstep":2,"minecraft:birch_sapling":2,"minecraft:iron_helmet":1,"minecraft:item_frame":1,"minecraft:bow":10,"minecraft:furnace":5,"minecraft:oak_sapling":2,"minecraft:cooked_cod":3,"minecraft:beetroot_seeds":2,"minecraft:egg":1,"minecraft:seagrass":1,"minecraft:diamond_boots":3,"minecraft:stone_pickaxe":69,"minecraft:oak_planks":183,"minecraft:sandstone":3,"minecraft:blue_bed":2,"minecraft:diamond_axe":549,"minecraft:sugar_cane":17,"minecraft:white_wool":2,"minecraft:glow_berries":11,"minecraft:golden_hoe":1,"minecraft:sand":175,"minecraft:crossbow":27,"minecraft:shears":46,"minecraft:lightning_rod":1,"minecraft:bread":9,"minecraft:melon_slice":24,"minecraft:lectern":2,"minecraft:cherry_sign":3,"minecraft:deepslate":1,"minecraft:gravel":78,"minecraft:diamond_sword":110,"minecraft:birch_log":1,"minecraft:oak_boat":1,"minecraft:bone_meal":54,"minecraft:oak_trapdoor":7,"minecraft:oak_fence":19,"minecraft:enchanting_table":1,"minecraft:stone_sword":49,"minecraft:flint_and_steel":69,"minecraft:armor_stand":3,"minecraft:stone_shovel":131,"minecraft:redstone":14,"minecraft:spruce_planks":3,"minecraft:cooked_salmon":3,"minecraft:oak_door":8,"minecraft:torch":49,"minecraft:dirt":42,"minecraft:spyglass":17,"minecraft:white_carpet":34,"minecraft:hopper":5,"minecraft:diamond_helmet":3,"minecraft:polished_diorite":21,"minecraft:oak_fence_gate":2,"minecraft:flowering_azalea":2,"minecraft:bookshelf":18,"minecraft:oak_stairs":398,"minecraft:iron_boots":1,"minecraft:smooth_basalt":53,"minecraft:diamond_chestplate":4,"minecraft:golden_carrot":9,"minecraft:soul_soil":2,"minecraft:trapped_chest":3,"minecraft:enchanted_golden_apple":2,"minecraft:cobbled_deepslate":271,"minecraft:pumpkin":2,"minecraft:light_gray_bed":6,"minecraft:iron_leggings":1,"minecraft:wheat_seeds":61,"minecraft:cooked_mutton":4,"minecraft:water_bucket":12,"minecraft:birch_planks":15,"minecraft:glass_bottle":1,"minecraft:cherry_planks":29,"minecraft:salmon":1,"minecraft:tnt":2,"minecraft:oak_slab":88,"minecraft:crafting_table":4,"minecraft:campfire":1,"minecraft:cod":5,"minecraft:spruce_log":82,"minecraft:oak_log":65,"minecraft:diamond_pickaxe":828,"minecraft:diamond_shovel":298,"minecraft:wind_charge":18,"minecraft:spruce_trapdoor":52,"minecraft:spruce_sapling":1,"minecraft:stone_axe":240,"minecraft:fishing_rod":158,"minecraft:cobblestone":324,"minecraft:potion":1,"minecraft:cooked_porkchop":6,"minecraft:white_banner":1,"minecraft:porkchop":10,"minecraft:bucket":12,"minecraft:glass_pane":64,"minecraft:diamond_leggings":4},"minecraft:broken":{"minecraft:fishing_rod":1,"minecraft:stone_shovel":1,"minecraft:flint_and_steel":1},"minecraft:picked_up":{"minecraft:seagrass":1,"minecraft:iron_chestplate":1,"minecraft:wheat":53,"minecraft:diamond_sword":3,"minecraft:oak_stairs":54,"minecraft:potion":4,"minecraft:enchanted_book":1,"minecraft:golden_sword":1,"minecraft:string":26,"minecraft:soul_soil":2,"minecraft:raw_copper":105,"minecraft:cooked_salmon":3,"minecraft:iron_leggings":3,"minecraft:armor_stand":2,"minecraft:netherite_ingot":11,"minecraft:pufferfish":9,"minecraft:oak_sign":3,"minecraft:diamond_leggings":2,"minecraft:gold_nugget":2,"minecraft:cobbled_deepslate":948,"minecraft:bucket":1,"minecraft:spruce_planks":2,"minecraft:netherite_upgrade_smithing_template":2,"minecraft:enchanted_golden_apple":5,"minecraft:melon_slice":5,"minecraft:iron_boots":1,"minecraft:furnace":4,"minecraft:golden_helmet":2,"minecraft:stick":40,"minecraft:oak_fence":23,"minecraft:torch":47,"minecraft:porkchop":10,"minecraft:music_disc_pigstep":2,"minecraft:diorite":31,"minecraft:golden_chestplate":3,"minecraft:stone_sword":2,"minecraft:light_gray_bed":5,"minecraft:rotten_flesh":28,"minecraft:tropical_fish":1,"minecraft:iron_block":2,"minecraft:blackstone_stairs":1,"minecraft:obsidian":27,"minecraft:cod":33,"minecraft:cobblestone":556,"minecraft:birch_log":6,"minecraft:cooked_beef":10,"minecraft:magma_cream":47,"minecraft:water_bucket":1,"minecraft:andesite":1,"minecraft:brown_wool":1,"minecraft:potato":9,"minecraft:flint":9,"minecraft:tuff":4,"minecraft:dirt":65,"minecraft:map":3,"minecraft:lapis_lazuli":31,"minecraft:name_tag":2,"minecraft:bone":11,"minecraft:bow":5,"minecraft:wheat_seeds":144,"minecraft:raw_gold":1,"minecraft:diamond_helmet":2,"minecraft:oak_planks":112,"minecraft:cooked_porkchop":9,"minecraft:sand":368,"minecraft:stripped_spruce_log":3,"minecraft:spectral_arrow":10,"minecraft:trapped_chest":3,"minecraft:dispenser":1,"minecraft:diamond":38,"minecraft:crossbow":2,"minecraft:granite":41,"minecraft:oak_sapling":20,"minecraft:oak_leaves":45,"minecraft:diamond_pickaxe":3,"minecraft:fishing_rod":3,"minecraft:crafting_table":3,"minecraft:azure_bluet":2,"minecraft:ladder":21,"minecraft:shield":4,"minecraft:wind_charge":1,"minecraft:flint_and_steel":1,"minecraft:netherite_scrap":1,"minecraft:white_carpet":1,"minecraft:iron_shovel":3,"minecraft:blackstone":6,"minecraft:beef":1,"minecraft:oak_boat":1,"minecraft:lectern":2,"minecraft:chest":7,"minecraft:sugar_cane":85,"minecraft:birch_sapling":5,"minecraft:spruce_trapdoor":26,"minecraft:raw_iron":26,"minecraft:sandstone":31,"minecraft:oak_door":8,"minecraft:copper_ingot":1,"minecraft:bowl":1,"minecraft:carrot":54,"minecraft:redstone":133,"minecraft:tnt":2,"minecraft:arrow":62,"minecraft:diamond_chestplate":2,"minecraft:cooked_cod":4,"minecraft:decorated_pot":5,"minecraft:beetroot_seeds":2,"minecraft:diamond_boots":3,"minecraft:saddle":1,"minecraft:gold_ingot":204,"minecraft:tuff_bricks":12,"minecraft:glow_berries":6,"minecraft:mutton":6,"minecraft:bone_block":40,"minecraft:white_wool":10,"minecraft:rail":6,"minecraft:oxeye_daisy":2,"minecraft:stripped_oak_log":2,"minecraft:golden_carrot":23,"minecraft:salmon":6,"minecraft:leather":1,"minecraft:birch_planks":81,"minecraft:filled_map":3,"minecraft:oak_log":446,"minecraft:ancient_debris":1,"minecraft:golden_boots":2,"minecraft:gunpowder":2,"minecraft:blue_bed":2,"minecraft:white_banner":1,"minecraft:apple":3,"minecraft:iron_ingot":13,"minecraft:stone_pickaxe":1,"minecraft:cherry_sign":1,"minecraft:soul_sand":58,"minecraft:flowering_azalea":2,"minecraft:book":19,"minecraft:oak_slab":4,"minecraft:smooth_basalt":3,"minecraft:pumpkin":13,"minecraft:spyglass":1,"minecraft:gravel":63,"minecraft:spruce_sapling":8,"minecraft:spruce_log":116,"minecraft:spider_eye":2,"minecraft:diamond_shovel":2,"minecraft:stone_axe":2,"minecraft:diamond_axe":1,"minecraft:black_wool":1,"minecraft:coal":18,"minecraft:hopper":3,"minecraft:ender_pearl":1},"minecraft:mined":{"minecraft:obsidian":5,"minecraft:spruce_trapdoor":26,"minecraft:granite":41,"minecraft:red_sand":1,"minecraft:grass_block":40,"minecraft:light_gray_bed":5,"minecraft:soul_soil":2,"minecraft:hopper":3,"minecraft:oak_wall_sign":1,"minecraft:oxeye_daisy":2,"minecraft:tuff_bricks":1,"minecraft:iron_ore":18,"minecraft:cobbled_deepslate":31,"minecraft:pumpkin":13,"minecraft:azure_bluet":2,"minecraft:flowering_azalea_leaves":2,"minecraft:oak_stairs":52,"minecraft:azalea_leaves":7,"minecraft:deepslate_redstone_ore":15,"minecraft:kelp_plant":16,"minecraft:soul_fire":7,"minecraft:melon":1,"minecraft:chest":7,"minecraft:dead_bush":22,"minecraft:glass":6,"minecraft:cobblestone":46,"minecraft:sugar_cane":38,"minecraft:oak_planks":41,"minecraft:wall_torch":9,"minecraft:birch_log":6,"minecraft:wheat":64,"minecraft:oak_log":397,"minecraft:beetroots":2,"minecraft:sand":323,"minecraft:dirt":25,"minecraft:smooth_basalt":3,"minecraft:dispenser":1,"minecraft:oak_leaves":100,"minecraft:deepslate":154,"minecraft:tuff":2,"minecraft:oak_door":6,"minecraft:deepslate_diamond_ore":9,"minecraft:ladder":11,"minecraft:decorated_pot":7,"minecraft:redstone_wire":3,"minecraft:spruce_leaves":75,"minecraft:sandstone":32,"minecraft:cherry_wall_sign":1,"minecraft:furnace":4,"minecraft:carrots":17,"minecraft:bookshelf":4,"minecraft:potatoes":4,"minecraft:stripped_oak_log":2,"minecraft:stone":420,"minecraft:bone_block":20,"minecraft:white_wool":2,"minecraft:oak_slab":1,"minecraft:flowering_azalea":2,"minecraft:glass_pane":65,"minecraft:soul_sand":58,"minecraft:oak_fence":16,"minecraft:crafting_table":3,"minecraft:short_grass":17,"minecraft:lectern":2,"minecraft:copper_ore":28,"minecraft:tall_grass":8,"minecraft:lapis_ore":5,"minecraft:diorite":31,"minecraft:blue_bed":2,"minecraft:birch_planks":3,"minecraft:trapped_chest":3,"minecraft:spruce_log":45,"minecraft:white_wall_banner":1,"minecraft:coal_ore":3,"minecraft:gravel":54},"minecraft:killed_by":{"minecraft:creeper":2,"minecraft:drowned":1,"minecraft:zombie":1,"minecraft:player":1,"minecraft:skeleton":1},"minecraft:killed":{"minecraft:spider":9,"minecraft:cod":1,"minecraft:skeleton":8,"minecraft:turtle":2,"minecraft:pig":4,"minecraft:creeper":1,"minecraft:sheep":4,"minecraft:zombie":12,"minecraft:cow":1,"minecraft:bat":1,"minecraft:enderman":1}},"DataVersion":3839}