{"stats":{"minecraft:dropped":{"minecraft:iron_ingot":3,"minecraft:cooked_beef":3,"minecraft:oak_log":1,"minecraft:diamond":2,"minecraft:oak_fence":4,"minecraft:iron_helmet":1,"minecraft:dried_kelp":9,"minecraft:iron_axe":1,"minecraft:stone_axe":2,"minecraft:stone_sword":1,"minecraft:cobbled_deepslate":6,"minecraft:shield":1,"minecraft:stone_pickaxe":1},"minecraft:crafted":{"minecraft:oak_planks":164,"minecraft:stone_shovel":1,"minecraft:oak_sign":3,"minecraft:furnace":1,"minecraft:light_gray_wool":3,"minecraft:cooked_mutton":4,"minecraft:glass":51,"minecraft:iron_axe":1,"minecraft:stone_pickaxe":1,"minecraft:chest":2,"minecraft:crafting_table":1,"minecraft:dried_kelp":9,"minecraft:iron_helmet":1,"minecraft:stone_axe":2,"minecraft:air":0,"minecraft:light_gray_bed":1,"minecraft:oak_fence_gate":1,"minecraft:stick":20,"minecraft:iron_ingot":12,"minecraft:oak_stairs":24,"minecraft:light_gray_dye":3},"minecraft:picked_up":{"minecraft:crafting_table":3,"minecraft:iron_chestplate":1,"minecraft:wheat":2,"minecraft:azure_bluet":2,"minecraft:diamond_sword":1,"minecraft:oak_stairs":8,"minecraft:shield":2,"minecraft:raw_copper":16,"minecraft:iron_leggings":1,"minecraft:cobbled_deepslate":15,"minecraft:oak_boat":1,"minecraft:lectern":1,"minecraft:iron_boots":1,"minecraft:furnace":4,"minecraft:stick":33,"minecraft:raw_iron":8,"minecraft:oak_door":8,"minecraft:oak_fence":21,"minecraft:copper_ingot":1,"minecraft:torch":6,"minecraft:porkchop":7,"minecraft:carrot":7,"minecraft:stone_sword":2,"minecraft:arrow":4,"minecraft:light_gray_bed":2,"minecraft:beetroot_seeds":2,"minecraft:saddle":1,"minecraft:mutton":5,"minecraft:white_wool":2,"minecraft:rail":6,"minecraft:cobblestone":173,"minecraft:oxeye_daisy":2,"minecraft:stripped_oak_log":1,"minecraft:cooked_beef":10,"minecraft:water_bucket":1,"minecraft:andesite":1,"minecraft:brown_wool":1,"minecraft:potato":2,"minecraft:filled_map":1,"minecraft:oak_log":130,"minecraft:dirt":31,"minecraft:bone":3,"minecraft:bow":1,"minecraft:wheat_seeds":15,"minecraft:stone_pickaxe":1,"minecraft:iron_ingot":3,"minecraft:oak_planks":25,"minecraft:cooked_porkchop":9,"minecraft:pumpkin":13,"minecraft:sand":104,"minecraft:stripped_spruce_log":3,"minecraft:spruce_sapling":5,"minecraft:spruce_log":89,"minecraft:diamond":16,"minecraft:stone_axe":2,"minecraft:oak_sapling":1,"minecraft:coal":11,"minecraft:diamond_pickaxe":1},"minecraft:killed":{"minecraft:spider":1,"minecraft:pig":3,"minecraft:sheep":3},"minecraft:killed_by":{"minecraft:creeper":1,"minecraft:drowned":1,"minecraft:skeleton":1,"minecraft:zombie":1},"minecraft:custom":{"minecraft:mob_kills":7,"minecraft:interact_with_crafting_table":28,"minecraft:bell_ring":14,"minecraft:leave_game":1,"minecraft:time_since_death":101369,"minecraft:sprint_one_cm":124234,"minecraft:walk_one_cm":430277,"minecraft:drop":35,"minecraft:talked_to_villager":1,"minecraft:play_time":131683,"minecraft:deaths":6,"minecraft:sneak_time":341,"minecraft:walk_under_water_one_cm":11996,"minecraft:boat_one_cm":239633,"minecraft:jump":731,"minecraft:interact_with_blast_furnace":1,"minecraft:walk_on_water_one_cm":13433,"minecraft:total_world_time":131683,"minecraft:interact_with_furnace":35,"minecraft:sleep_in_bed":10,"minecraft:time_since_rest":9815,"minecraft:damage_taken":2380,"minecraft:damage_dealt":1129,"minecraft:swim_one_cm":46943,"minecraft:fly_one_cm":28868,"minecraft:open_chest":54,"minecraft:crouch_one_cm":133,"minecraft:fall_one_cm":22719},"minecraft:mined":{"minecraft:oak_door":6,"minecraft:red_sand":1,"minecraft:grass_block":25,"minecraft:light_gray_bed":2,"minecraft:spruce_leaves":54,"minecraft:oxeye_daisy":2,"minecraft:furnace":4,"minecraft:carrots":7,"minecraft:pumpkin":13,"minecraft:azure_bluet":2,"minecraft:potatoes":2,"minecraft:oak_stairs":6,"minecraft:stripped_oak_log":1,"minecraft:stone":58,"minecraft:oak_fence":16,"minecraft:crafting_table":3,"minecraft:short_grass":11,"minecraft:dead_bush":22,"minecraft:lectern":1,"minecraft:tall_grass":6,"minecraft:glass":1,"minecraft:copper_ore":4,"minecraft:cobblestone":22,"minecraft:oak_planks":14,"minecraft:wall_torch":7,"minecraft:wheat":14,"minecraft:spruce_log":18,"minecraft:oak_log":90,"minecraft:beetroots":2,"minecraft:sand":103,"minecraft:dirt":3,"minecraft:oak_leaves":3},"minecraft:used":{"minecraft:oak_fence":9,"minecraft:stone_sword":49,"minecraft:flint_and_steel":10,"minecraft:stone_shovel":109,"minecraft:oak_sign":1,"minecraft:chest":2,"minecraft:oak_door":5,"minecraft:iron_chestplate":1,"minecraft:torch":6,"minecraft:dirt":28,"minecraft:mutton":1,"minecraft:oak_fence_gate":1,"minecraft:glass":48,"minecraft:oak_stairs":30,"minecraft:iron_boots":1,"minecraft:bow":1,"minecraft:furnace":5,"minecraft:oak_sapling":1,"minecraft:beetroot_seeds":2,"minecraft:cobbled_deepslate":6,"minecraft:pumpkin":2,"minecraft:light_gray_bed":3,"minecraft:iron_leggings":1,"minecraft:wheat_seeds":15,"minecraft:cooked_mutton":1,"minecraft:stone_pickaxe":69,"minecraft:oak_planks":49,"minecraft:sand":54,"minecraft:crafting_table":4,"minecraft:spruce_log":69,"minecraft:oak_log":37,"minecraft:diamond_pickaxe":23,"minecraft:lectern":1,"minecraft:stone_axe":229,"minecraft:diamond_sword":12,"minecraft:cobblestone":156,"minecraft:cooked_porkchop":5,"minecraft:porkchop":7,"minecraft:oak_boat":1}},"DataVersion":3839}