{"stats":{"minecraft:broken":{"minecraft:iron_pickaxe":2},"minecraft:killed":{"minecraft:cave_spider":9,"minecraft:skeleton":7,"minecraft:bat":1,"minecraft:sheep":6,"minecraft:zombie":15,"minecraft:breeze":2,"minecraft:cow":4},"minecraft:dropped":{"minecraft:guster_pottery_sherd":3,"minecraft:moss_block":1,"minecraft:lapis_lazuli":3,"minecraft:diamond":10,"minecraft:decorated_pot":2,"minecraft:feather":12,"minecraft:cobblestone":6,"minecraft:copper_ingot":7,"minecraft:golden_apple":1,"minecraft:gold_nugget":3,"minecraft:sand":37,"minecraft:string":18,"minecraft:bone":16,"minecraft:tuff_bricks":25,"minecraft:flow_pottery_sherd":1,"minecraft:iron_nugget":8,"minecraft:cobbled_deepslate":316,"minecraft:tuff":4,"minecraft:clay_ball":40,"minecraft:cooked_mutton":9,"minecraft:filled_map":4,"minecraft:gunpowder":2,"minecraft:azalea":1,"minecraft:spider_eye":1,"minecraft:sandstone":15,"minecraft:bow":1,"minecraft:glass":6,"minecraft:brick":37},"minecraft:mined":{"minecraft:tuff":1,"minecraft:oak_sapling":3,"minecraft:deepslate_diamond_ore":10,"minecraft:granite":12,"minecraft:grass_block":3,"minecraft:decorated_pot":21,"minecraft:kelp":10,"minecraft:composter":1,"minecraft:moss_block":2,"minecraft:sandstone":26,"minecraft:tuff_bricks":12,"minecraft:tall_seagrass":1,"minecraft:furnace":2,"minecraft:cobbled_deepslate":4,"minecraft:andesite":17,"minecraft:pumpkin":7,"minecraft:cave_vines":2,"minecraft:oak_stairs":1,"minecraft:bamboo_sapling":1,"minecraft:bamboo":9,"minecraft:stone":139,"minecraft:kelp_plant":23,"minecraft:clay":10,"minecraft:crafting_table":2,"minecraft:short_grass":2,"minecraft:sugar_cane":17,"minecraft:diorite":26,"minecraft:red_candle":2,"minecraft:spruce_log":4,"minecraft:oak_log":16,"minecraft:waxed_oxidized_copper_door":1,"minecraft:sand":84,"minecraft:dirt":3,"minecraft:cobweb":11,"minecraft:deepslate":201},"minecraft:crafted":{"minecraft:oak_planks":64,"minecraft:barrel":2,"minecraft:wind_charge":12,"minecraft:furnace":1,"minecraft:cooked_mutton":7,"minecraft:iron_boots":1,"minecraft:iron_axe":1,"minecraft:spruce_slab":12,"minecraft:chest":1,"minecraft:crafting_table":1,"minecraft:spruce_planks":16,"minecraft:dried_kelp":20,"minecraft:iron_helmet":1,"minecraft:iron_sword":1,"minecraft:cooked_salmon":1,"minecraft:air":0,"minecraft:iron_chestplate":1,"minecraft:shield":1,"minecraft:stick":4,"minecraft:iron_pickaxe":2,"minecraft:iron_leggings":1,"minecraft:composter":1},"minecraft:used":{"minecraft:moss_block":1,"minecraft:dried_kelp":26,"minecraft:decorated_pot":9,"minecraft:chest":1,"minecraft:shield":29,"minecraft:iron_sword":126,"minecraft:cooked_chicken":2,"minecraft:cooked_salmon":1,"minecraft:rotten_flesh":13,"minecraft:trial_key":3,"minecraft:spyglass":1,"minecraft:carrot":1,"minecraft:granite":4,"minecraft:iron_axe":101,"minecraft:oak_stairs":1,"minecraft:barrel":2,"minecraft:bamboo":6,"minecraft:bow":1,"minecraft:beef":5,"minecraft:furnace":3,"minecraft:oak_sapling":5,"minecraft:cooked_cod":4,"minecraft:cobbled_deepslate":26,"minecraft:cooked_mutton":11,"minecraft:oak_planks":13,"minecraft:sandstone":3,"minecraft:composter":2,"minecraft:glow_berries":3,"minecraft:golden_apple":1,"minecraft:sand":2,"minecraft:crafting_table":3,"minecraft:ominous_trial_key":3,"minecraft:wind_charge":1,"minecraft:bread":1,"minecraft:iron_pickaxe":497,"minecraft:oak_boat":1,"minecraft:kelp":70,"minecraft:bone_meal":4},"minecraft:killed_by":{"minecraft:skeleton":1,"minecraft:zombie":2},"minecraft:custom":{"minecraft:mob_kills":44,"minecraft:interact_with_crafting_table":20,"minecraft:open_barrel":11,"minecraft:bell_ring":36,"minecraft:leave_game":6,"minecraft:time_since_death":107815,"minecraft:climb_one_cm":3585,"minecraft:sprint_one_cm":297247,"minecraft:walk_one_cm":277468,"minecraft:damage_blocked_by_shield":615,"minecraft:drop":55,"minecraft:damage_dealt_absorbed":4,"minecraft:talked_to_villager":1,"minecraft:play_time":166192,"minecraft:deaths":3,"minecraft:sneak_time":2014,"minecraft:walk_under_water_one_cm":66769,"minecraft:boat_one_cm":390634,"minecraft:jump":1715,"minecraft:walk_on_water_one_cm":35392,"minecraft:total_world_time":166192,"minecraft:interact_with_furnace":28,"minecraft:sleep_in_bed":1,"minecraft:time_since_rest":49607,"minecraft:damage_taken":2678,"minecraft:damage_absorbed":40,"minecraft:damage_dealt":6415,"minecraft:swim_one_cm":347257,"minecraft:fly_one_cm":330109,"minecraft:open_chest":29,"minecraft:crouch_one_cm":2194,"minecraft:fall_one_cm":43054,"minecraft:inspect_dispenser":2},"minecraft:picked_up":{"minecraft:crafting_table":2,"minecraft:ominous_bottle":1,"minecraft:clay_ball":40,"minecraft:oak_stairs":1,"minecraft:brick":37,"minecraft:wind_charge":21,"minecraft:flow_banner_pattern":1,"minecraft:iron_axe":2,"minecraft:string":37,"minecraft:red_candle":7,"minecraft:red_sand":23,"minecraft:gold_nugget":2,"minecraft:cobbled_deepslate":381,"minecraft:spruce_planks":10,"minecraft:beef":6,"minecraft:trial_key":8,"minecraft:waxed_oxidized_copper_door":1,"minecraft:oak_boat":2,"minecraft:enchanted_golden_apple":2,"minecraft:azalea":1,"minecraft:iron_nugget":4,"minecraft:spruce_slab":5,"minecraft:guster_pottery_sherd":3,"minecraft:sugar_cane":30,"minecraft:furnace":2,"minecraft:tipped_arrow":11,"minecraft:stick":6,"minecraft:sandstone":18,"minecraft:composter":1,"minecraft:copper_ingot":23,"minecraft:flow_pottery_sherd":1,"minecraft:dried_kelp":9,"minecraft:diorite":52,"minecraft:carrot":1,"minecraft:arrow":11,"minecraft:rotten_flesh":30,"minecraft:decorated_pot":11,"minecraft:tuff_bricks":26,"minecraft:glow_berries":2,"minecraft:mutton":7,"minecraft:white_wool":4,"minecraft:cobblestone":268,"minecraft:clock":1,"minecraft:feather":12,"minecraft:golden_carrot":2,"minecraft:andesite":34,"minecraft:brown_wool":2,"minecraft:leather":4,"minecraft:potato":1,"minecraft:filled_map":4,"minecraft:tuff":4,"minecraft:oak_log":16,"minecraft:gunpowder":2,"minecraft:lapis_lazuli":7,"minecraft:dirt":12,"minecraft:paper":3,"minecraft:orange_terracotta":8,"minecraft:glass":6,"minecraft:cooked_mutton":4,"minecraft:coast_armor_trim_smithing_template":2,"minecraft:bone":16,"minecraft:kelp":138,"minecraft:bow":2,"minecraft:iron_ingot":31,"minecraft:cooked_chicken":2,"minecraft:glass_bottle":1,"minecraft:bamboo":33,"minecraft:moss_block":2,"minecraft:oak_planks":24,"minecraft:book":5,"minecraft:pumpkin":7,"minecraft:spyglass":1,"minecraft:sand":115,"minecraft:spruce_log":4,"minecraft:diamond_block":1,"minecraft:spider_eye":2,"minecraft:diamond":20,"minecraft:crossbow":1,"minecraft:granite":24,"minecraft:breeze_rod":3,"minecraft:bone_meal":4,"minecraft:golden_apple":1,"minecraft:emerald":49,"minecraft:oak_sapling":11,"minecraft:coal":1}},"DataVersion":3839}