{"stats":{"minecraft:custom":{"minecraft:interact_with_crafting_table":44,"minecraft:open_barrel":49,"minecraft:bell_ring":142,"minecraft:leave_game":11,"minecraft:time_since_death":5903,"minecraft:damage_resisted":53,"minecraft:sprint_one_cm":984898,"minecraft:damage_blocked_by_shield":2213,"minecraft:drop":139,"minecraft:talked_to_villager":57,"minecraft:play_time":437638,"minecraft:deaths":27,"minecraft:jump":5688,"minecraft:walk_on_water_one_cm":57605,"minecraft:interact_with_furnace":71,"minecraft:traded_with_villager":1,"minecraft:sleep_in_bed":3,"minecraft:damage_dealt":14309,"minecraft:player_kills":3,"minecraft:crouch_one_cm":44062,"minecraft:inspect_dispenser":2,"minecraft:mob_kills":108,"minecraft:interact_with_anvil":2,"minecraft:climb_one_cm":7980,"minecraft:walk_one_cm":1041512,"minecraft:damage_dealt_absorbed":4,"minecraft:raid_win":1,"minecraft:sneak_time":15434,"minecraft:walk_under_water_one_cm":104935,"minecraft:boat_one_cm":390634,"minecraft:total_world_time":437638,"minecraft:raid_trigger":1,"minecraft:time_since_rest":6377,"minecraft:damage_taken":13161,"minecraft:damage_absorbed":69,"minecraft:swim_one_cm":385869,"minecraft:fly_one_cm":1183334,"minecraft:open_chest":88,"minecraft:fall_one_cm":182335},"minecraft:crafted":{"minecraft:oak_planks":972,"minecraft:barrel":2,"minecraft:diamond_shovel":1,"minecraft:cooked_mutton":7,"minecraft:glass":74,"minecraft:diamond_helmet":1,"minecraft:diamond_leggings":1,"minecraft:iron_boots":1,"minecraft:chest":3,"minecraft:oak_fence":6,"minecraft:oak_slab":180,"minecraft:crafting_table":3,"minecraft:spruce_planks":16,"minecraft:baked_potato":4,"minecraft:iron_helmet":1,"minecraft:birch_planks":44,"minecraft:iron_chestplate":1,"minecraft:diamond_pickaxe":1,"minecraft:shield":1,"minecraft:stick":16,"minecraft:iron_pickaxe":3,"minecraft:iron_block":3,"minecraft:gold_ingot":18,"minecraft:composter":1,"minecraft:oak_door":3,"minecraft:wind_charge":12,"minecraft:furnace":3,"minecraft:diamond":9,"minecraft:iron_axe":1,"minecraft:spruce_slab":12,"minecraft:chiseled_bookshelf":19,"minecraft:diamond_boots":1,"minecraft:diamond_sword":1,"minecraft:dried_kelp":20,"minecraft:iron_sword":1,"minecraft:cooked_salmon":1,"minecraft:enchanted_book":1,"minecraft:bread":12,"minecraft:air":0,"minecraft:oak_stairs":120,"minecraft:iron_leggings":1,"minecraft:anvil":1,"minecraft:torch":36,"minecraft:diamond_chestplate":1},"minecraft:dropped":{"minecraft:guster_pottery_sherd":3,"minecraft:moss_block":1,"minecraft:soul_sand":2,"minecraft:lapis_lazuli":3,"minecraft:diamond":14,"minecraft:decorated_pot":2,"minecraft:emerald":14,"minecraft:cod":1,"minecraft:flint":4,"minecraft:cracked_polished_blackstone_bricks":38,"minecraft:dirt":10,"minecraft:gold_nugget":13,"minecraft:sand":37,"minecraft:polished_blackstone_bricks":13,"minecraft:birch_log":6,"minecraft:white_wool":6,"minecraft:gold_ingot":64,"minecraft:bone":22,"minecraft:iron_nugget":20,"minecraft:cobbled_deepslate":322,"minecraft:nether_brick":2,"minecraft:birch_sapling":2,"minecraft:obsidian":1,"minecraft:cooked_mutton":9,"minecraft:gunpowder":2,"minecraft:azalea":1,"minecraft:glass":6,"minecraft:ghast_tear":1,"minecraft:quartz":14,"minecraft:enchanted_book":2,"minecraft:bread":11,"minecraft:golden_helmet":1,"minecraft:feather":12,"minecraft:cobblestone":19,"minecraft:book":10,"minecraft:copper_ingot":7,"minecraft:golden_apple":1,"minecraft:stick":6,"minecraft:gray_wool":1,"minecraft:torch":36,"minecraft:potion":1,"minecraft:paper":18,"minecraft:string":37,"minecraft:tuff_bricks":25,"minecraft:flow_pottery_sherd":1,"minecraft:tuff":4,"minecraft:clay_ball":40,"minecraft:iron_boots":1,"minecraft:filled_map":4,"minecraft:oak_sapling":14,"minecraft:spider_eye":2,"minecraft:sandstone":15,"minecraft:bow":1,"minecraft:brick":37},"minecraft:used":{"minecraft:moss_block":1,"minecraft:tuff_bricks":1,"minecraft:ladder":1,"minecraft:decorated_pot":18,"minecraft:chest":7,"minecraft:shield":63,"minecraft:iron_sword":186,"minecraft:rotten_flesh":19,"minecraft:mutton":2,"minecraft:carrot":1,"minecraft:obsidian":16,"minecraft:glass":112,"minecraft:bow":1,"minecraft:ominous_bottle":1,"minecraft:furnace":7,"minecraft:oak_sapling":5,"minecraft:cooked_cod":4,"minecraft:egg":4,"minecraft:oak_planks":537,"minecraft:blackstone":16,"minecraft:sandstone":6,"minecraft:composter":2,"minecraft:golden_apple":1,"minecraft:glow_berries":9,"minecraft:sand":78,"minecraft:crossbow":49,"minecraft:mace":1,"minecraft:crying_obsidian":6,"minecraft:melon_slice":11,"minecraft:bread":9,"minecraft:lectern":32,"minecraft:diamond_sword":120,"minecraft:fire_charge":2,"minecraft:oak_boat":1,"minecraft:bone_meal":4,"minecraft:oak_fence":8,"minecraft:dried_kelp":26,"minecraft:cooked_salmon":11,"minecraft:cooked_chicken":6,"minecraft:trial_key":3,"minecraft:oak_door":2,"minecraft:torch":1,"minecraft:dirt":55,"minecraft:spyglass":17,"minecraft:anvil":2,"minecraft:granite":8,"minecraft:iron_axe":627,"minecraft:oak_stairs":102,"minecraft:bamboo_hanging_sign":5,"minecraft:barrel":2,"minecraft:bamboo":6,"minecraft:basalt":11,"minecraft:beef":5,"minecraft:cooked_beef":7,"minecraft:cobbled_deepslate":27,"minecraft:enchanted_golden_apple":1,"minecraft:cooked_mutton":12,"minecraft:chiseled_bookshelf":19,"minecraft:baked_potato":29,"minecraft:guster_pottery_sherd":1,"minecraft:cauldron":1,"minecraft:polished_blackstone_bricks":28,"minecraft:oak_slab":146,"minecraft:crafting_table":5,"minecraft:white_bed":1,"minecraft:oak_log":173,"minecraft:diamond_pickaxe":160,"minecraft:apple":7,"minecraft:ominous_trial_key":3,"minecraft:diamond_shovel":366,"minecraft:wind_charge":42,"minecraft:cracked_polished_blackstone_bricks":3,"minecraft:iron_pickaxe":1247,"minecraft:cobblestone":326,"minecraft:white_banner":2,"minecraft:kelp":70,"minecraft:smooth_stone":1,"minecraft:splash_potion":1},"minecraft:broken":{"minecraft:iron_axe":1,"minecraft:iron_pickaxe":5},"minecraft:picked_up":{"minecraft:anvil":1,"minecraft:oak_stairs":12,"minecraft:potion":1,"minecraft:enchanted_book":2,"minecraft:nether_brick":2,"minecraft:golden_sword":1,"minecraft:polished_blackstone_brick_stairs":3,"minecraft:string":47,"minecraft:red_candle":7,"minecraft:cobbled_deepslate":900,"minecraft:red_sand":23,"minecraft:gold_nugget":12,"minecraft:smooth_stone":1,"minecraft:spruce_planks":10,"minecraft:trial_key":8,"minecraft:waxed_oxidized_copper_door":1,"minecraft:calcite":1,"minecraft:azalea":1,"minecraft:enchanted_golden_apple":2,"minecraft:melon_slice":11,"minecraft:iron_boots":1,"minecraft:furnace":4,"minecraft:golden_helmet":1,"minecraft:tipped_arrow":11,"minecraft:stick":18,"minecraft:composter":1,"minecraft:oak_fence":2,"minecraft:torch":2,"minecraft:dried_kelp":9,"minecraft:diorite":52,"minecraft:cauldron":5,"minecraft:rotten_flesh":36,"minecraft:blackstone_stairs":1,"minecraft:obsidian":21,"minecraft:cod":1,"minecraft:cobblestone":560,"minecraft:birch_log":17,"minecraft:feather":19,"minecraft:cooked_beef":7,"minecraft:andesite":34,"minecraft:brown_wool":2,"minecraft:potato":1,"minecraft:flint":5,"minecraft:tuff":49,"minecraft:dirt":94,"minecraft:lapis_lazuli":7,"minecraft:bone":23,"minecraft:glass":44,"minecraft:bow":2,"minecraft:wheat_seeds":1,"minecraft:bamboo":33,"minecraft:moss_block":2,"minecraft:oak_planks":63,"minecraft:ghast_tear":2,"minecraft:sand":428,"minecraft:diamond_block":1,"minecraft:spectral_arrow":14,"minecraft:diamond":30,"minecraft:cracked_polished_blackstone_bricks":41,"minecraft:granite":28,"minecraft:crossbow":3,"minecraft:breeze_rod":3,"minecraft:bone_meal":4,"minecraft:golden_apple":1,"minecraft:bread":7,"minecraft:emerald":50,"minecraft:oak_sapling":43,"minecraft:crafting_table":3,"minecraft:ominous_bottle":1,"minecraft:chicken":3,"minecraft:ladder":1,"minecraft:clay_ball":40,"minecraft:gold_block":2,"minecraft:brick":37,"minecraft:wind_charge":30,"minecraft:flow_banner_pattern":1,"minecraft:iron_axe":2,"minecraft:blackstone":22,"minecraft:beef":6,"minecraft:oak_boat":2,"minecraft:iron_nugget":16,"minecraft:spruce_slab":5,"minecraft:lectern":32,"minecraft:guster_pottery_sherd":4,"minecraft:sugar_cane":30,"minecraft:chest":4,"minecraft:birch_sapling":2,"minecraft:egg":4,"minecraft:raw_iron":9,"minecraft:sandstone":21,"minecraft:bamboo_hanging_sign":1,"minecraft:copper_ingot":23,"minecraft:fire_charge":3,"minecraft:polished_blackstone_bricks":41,"minecraft:flow_pottery_sherd":1,"minecraft:carrot":1,"minecraft:redstone":19,"minecraft:arrow":14,"minecraft:decorated_pot":20,"minecraft:saddle":1,"minecraft:gold_ingot":47,"minecraft:tuff_bricks":26,"minecraft:glow_berries":6,"minecraft:mutton":15,"minecraft:white_wool":10,"minecraft:bone_block":1,"minecraft:clock":1,"minecraft:basalt":11,"minecraft:golden_carrot":2,"minecraft:salmon":3,"minecraft:leather":11,"minecraft:filled_map":4,"minecraft:oak_log":416,"minecraft:gunpowder":2,"minecraft:paper":21,"minecraft:white_banner":2,"minecraft:orange_terracotta":8,"minecraft:cooked_mutton":5,"minecraft:coast_armor_trim_smithing_template":2,"minecraft:apple":7,"minecraft:kelp":138,"minecraft:iron_ingot":44,"minecraft:cooked_chicken":6,"minecraft:glass_bottle":1,"minecraft:soul_sand":2,"minecraft:iron_sword":1,"minecraft:book":6,"minecraft:oak_slab":23,"minecraft:pumpkin":7,"minecraft:quartz":14,"minecraft:spyglass":1,"minecraft:gravel":48,"minecraft:white_bed":1,"minecraft:spruce_log":4,"minecraft:crying_obsidian":5,"minecraft:spider_eye":3,"minecraft:gray_wool":1,"minecraft:baked_potato":8,"minecraft:coal":1},"minecraft:mined":{"minecraft:blackstone_stairs":1,"minecraft:white_bed":1,"minecraft:oak_sapling":3,"minecraft:obsidian":16,"minecraft:granite":16,"minecraft:grass_block":53,"minecraft:cracked_polished_blackstone_bricks":25,"minecraft:composter":1,"minecraft:tuff_bricks":12,"minecraft:smooth_stone":1,"minecraft:polished_blackstone_bricks":40,"minecraft:tall_seagrass":1,"minecraft:bamboo_wall_hanging_sign":1,"minecraft:iron_ore":7,"minecraft:cobbled_deepslate":5,"minecraft:fire":3,"minecraft:pumpkin":7,"minecraft:anvil":1,"minecraft:cave_vines":2,"minecraft:water_cauldron":4,"minecraft:oak_stairs":13,"minecraft:deepslate_redstone_ore":4,"minecraft:blackstone":11,"minecraft:kelp_plant":23,"minecraft:clay":10,"minecraft:torch":1,"minecraft:calcite":1,"minecraft:chest":4,"minecraft:glass":1,"minecraft:cobblestone":26,"minecraft:sugar_cane":17,"minecraft:oak_planks":39,"minecraft:wall_torch":1,"minecraft:cauldron":1,"minecraft:red_candle":2,"minecraft:birch_log":17,"minecraft:oak_log":379,"minecraft:waxed_oxidized_copper_door":1,"minecraft:sand":404,"minecraft:dirt":23,"minecraft:oak_leaves":75,"minecraft:deepslate":736,"minecraft:crying_obsidian":2,"minecraft:tuff":46,"minecraft:deepslate_diamond_ore":20,"minecraft:ladder":1,"minecraft:decorated_pot":29,"minecraft:sandstone":29,"minecraft:kelp":10,"minecraft:moss_block":2,"minecraft:furnace":4,"minecraft:andesite":17,"minecraft:gold_block":2,"minecraft:deepslate_iron_ore":2,"minecraft:bamboo_sapling":1,"minecraft:bamboo":9,"minecraft:stone":247,"minecraft:bone_block":1,"minecraft:oak_slab":17,"minecraft:soul_sand":2,"minecraft:basalt":10,"minecraft:oak_fence":3,"minecraft:crafting_table":3,"minecraft:short_grass":7,"minecraft:lectern":32,"minecraft:polished_blackstone_brick_stairs":2,"minecraft:diorite":26,"minecraft:spruce_log":4,"minecraft:birch_leaves":2,"minecraft:gravel":51,"minecraft:cobweb":11},"minecraft:killed_by":{"minecraft:zombie":2,"minecraft:player":17,"minecraft:skeleton":3},"minecraft:killed":{"minecraft:cave_spider":9,"minecraft:spider":2,"minecraft:skeleton":9,"minecraft:chicken":3,"minecraft:piglin_brute":2,"minecraft:magma_cube":22,"minecraft:piglin":6,"minecraft:salmon":3,"minecraft:sheep":12,"minecraft:pillager":7,"minecraft:zombie":21,"minecraft:cow":4,"minecraft:vindicator":1,"minecraft:bat":1,"minecraft:wandering_trader":2,"minecraft:ravager":1,"minecraft:breeze":2}},"DataVersion":3839}