{"stats":{"minecraft:broken":{"minecraft:iron_pickaxe":1},"minecraft:dropped":{"minecraft:iron_nugget":8,"minecraft:cobbled_deepslate":100,"minecraft:feather":12,"minecraft:cobblestone":6,"minecraft:filled_map":4,"minecraft:gold_nugget":3,"minecraft:sandstone":15,"minecraft:sand":37},"minecraft:used":{"minecraft:cooked_mutton":5,"minecraft:dried_kelp":26,"minecraft:chest":1,"minecraft:sandstone":3,"minecraft:composter":2,"minecraft:cooked_salmon":1,"minecraft:rotten_flesh":2,"minecraft:sand":2,"minecraft:crafting_table":3,"minecraft:granite":4,"minecraft:iron_axe":38,"minecraft:oak_stairs":1,"minecraft:iron_pickaxe":308,"minecraft:barrel":2,"minecraft:bamboo":6,"minecraft:beef":5,"minecraft:oak_sapling":5,"minecraft:furnace":3,"minecraft:cooked_cod":4,"minecraft:oak_boat":1,"minecraft:kelp":70,"minecraft:bone_meal":4},"minecraft:mined":{"minecraft:oak_sapling":3,"minecraft:kelp_plant":23,"minecraft:crafting_table":2,"minecraft:granite":12,"minecraft:short_grass":2,"minecraft:grass_block":3,"minecraft:sugar_cane":17,"minecraft:composter":1,"minecraft:kelp":10,"minecraft:diorite":26,"minecraft:sandstone":26,"minecraft:tall_seagrass":1,"minecraft:furnace":2,"minecraft:spruce_log":4,"minecraft:andesite":17,"minecraft:pumpkin":7,"minecraft:oak_log":10,"minecraft:oak_stairs":1,"minecraft:sand":84,"minecraft:dirt":3,"minecraft:bamboo_sapling":1,"minecraft:bamboo":9,"minecraft:stone":139,"minecraft:deepslate":50},"minecraft:custom":{"minecraft:interact_with_furnace":27,"minecraft:mob_kills":10,"minecraft:interact_with_crafting_table":17,"minecraft:open_barrel":5,"minecraft:leave_game":5,"minecraft:time_since_death":61654,"minecraft:sleep_in_bed":1,"minecraft:time_since_rest":3446,"minecraft:sprint_one_cm":157936,"minecraft:damage_taken":1418,"minecraft:walk_one_cm":139902,"minecraft:drop":19,"minecraft:damage_dealt":989,"minecraft:swim_one_cm":347257,"minecraft:talked_to_villager":1,"minecraft:fly_one_cm":246023,"minecraft:open_chest":23,"minecraft:crouch_one_cm":960,"minecraft:play_time":120031,"minecraft:deaths":3,"minecraft:sneak_time":1652,"minecraft:walk_under_water_one_cm":66769,"minecraft:boat_one_cm":390634,"minecraft:jump":1298,"minecraft:walk_on_water_one_cm":33506,"minecraft:total_world_time":120031,"minecraft:fall_one_cm":33557},"minecraft:crafted":{"minecraft:oak_planks":40,"minecraft:barrel":2,"minecraft:crafting_table":1,"minecraft:spruce_planks":16,"minecraft:dried_kelp":20,"minecraft:furnace":1,"minecraft:cooked_salmon":1,"minecraft:cooked_mutton":3,"minecraft:air":0,"minecraft:iron_axe":1,"minecraft:spruce_slab":12,"minecraft:stick":4,"minecraft:iron_pickaxe":2,"minecraft:chest":1,"minecraft:composter":1},"minecraft:killed":{"minecraft:sheep":6,"minecraft:cow":4},"minecraft:picked_up":{"minecraft:crafting_table":2,"minecraft:clock":1,"minecraft:feather":12,"minecraft:andesite":34,"minecraft:brown_wool":2,"minecraft:leather":4,"minecraft:oak_stairs":1,"minecraft:filled_map":4,"minecraft:oak_log":10,"minecraft:dirt":12,"minecraft:paper":3,"minecraft:iron_axe":1,"minecraft:orange_terracotta":8,"minecraft:cooked_mutton":4,"minecraft:coast_armor_trim_smithing_template":2,"minecraft:kelp":138,"minecraft:red_sand":23,"minecraft:gold_nugget":2,"minecraft:cobbled_deepslate":150,"minecraft:spruce_planks":10,"minecraft:iron_ingot":13,"minecraft:beef":6,"minecraft:oak_boat":2,"minecraft:iron_nugget":4,"minecraft:spruce_slab":5,"minecraft:bamboo":33,"minecraft:sugar_cane":30,"minecraft:oak_planks":24,"minecraft:furnace":2,"minecraft:book":5,"minecraft:stick":6,"minecraft:sandstone":18,"minecraft:pumpkin":7,"minecraft:composter":1,"minecraft:copper_ingot":16,"minecraft:sand":115,"minecraft:dried_kelp":9,"minecraft:diorite":52,"minecraft:spruce_log":4,"minecraft:rotten_flesh":2,"minecraft:diamond":1,"minecraft:granite":24,"minecraft:bone_meal":4,"minecraft:emerald":5,"minecraft:oak_sapling":11,"minecraft:mutton":7,"minecraft:coal":1,"minecraft:white_wool":4,"minecraft:cobblestone":268},"minecraft:killed_by":{"minecraft:skeleton":1,"minecraft:zombie":2}},"DataVersion":3839}