{"stats":{"minecraft:dropped":{"minecraft:stone_sword":2,"minecraft:cobbled_deepslate":1,"minecraft:cooked_porkchop":2,"minecraft:cobblestone":90,"minecraft:rotten_flesh":2,"minecraft:rail":6,"minecraft:torch":1,"minecraft:spruce_sapling":1,"minecraft:smooth_basalt":1},"minecraft:crafted":{"minecraft:oak_planks":32,"minecraft:cooked_porkchop":6,"minecraft:crafting_table":1,"minecraft:furnace":1,"minecraft:stick":16},"minecraft:broken":{"minecraft:stone_pickaxe":1},"minecraft:picked_up":{"minecraft:crafting_table":2,"minecraft:cooked_beef":3,"minecraft:leather_leggings":2,"minecraft:oak_log":9,"minecraft:shield":1,"minecraft:amethyst_block":9,"minecraft:string":5,"minecraft:bone":1,"minecraft:bow":2,"minecraft:cobbled_deepslate":65,"minecraft:raw_gold":1,"minecraft:iron_ingot":4,"minecraft:stone_pickaxe":1,"minecraft:iron_sword":1,"minecraft:furnace":1,"minecraft:stick":3,"minecraft:smooth_basalt":1,"minecraft:cooked_porkchop":6,"minecraft:torch":10,"minecraft:porkchop":6,"minecraft:sand":1,"minecraft:spruce_sapling":1,"minecraft:white_bed":2,"minecraft:leather_helmet":2,"minecraft:stone_sword":2,"minecraft:arrow":2,"minecraft:rotten_flesh":4,"minecraft:stone_shovel":1,"minecraft:diamond":1,"minecraft:stone_axe":1,"minecraft:coal":16,"minecraft:cobblestone":117},"minecraft:killed":{"minecraft:pig":3,"minecraft:skeleton":3,"minecraft:zombie":4},"minecraft:killed_by":{"minecraft:player":1,"minecraft:skeleton":1},"minecraft:custom":{"minecraft:interact_with_furnace":3,"minecraft:mob_kills":10,"minecraft:interact_with_cartography_table":1,"minecraft:interact_with_crafting_table":3,"minecraft:leave_game":1,"minecraft:time_since_death":17171,"minecraft:time_since_rest":142,"minecraft:sprint_one_cm":311932,"minecraft:damage_taken":866,"minecraft:walk_one_cm":173356,"minecraft:drop":13,"minecraft:damage_dealt":2243,"minecraft:swim_one_cm":8881,"minecraft:talked_to_villager":12,"minecraft:fly_one_cm":151615,"minecraft:open_chest":11,"minecraft:crouch_one_cm":343,"minecraft:play_time":53799,"minecraft:deaths":2,"minecraft:sneak_time":114,"minecraft:walk_under_water_one_cm":3036,"minecraft:jump":747,"minecraft:walk_on_water_one_cm":11826,"minecraft:total_world_time":53799,"minecraft:fall_one_cm":16375},"minecraft:mined":{"minecraft:white_bed":1,"minecraft:crafting_table":1,"minecraft:budding_amethyst":1,"minecraft:glass":2,"minecraft:spruce_leaves":15,"minecraft:amethyst_block":9,"minecraft:furnace":1,"minecraft:coal_ore":16,"minecraft:oak_log":9,"minecraft:sand":3,"minecraft:cobweb":6,"minecraft:stone":118,"minecraft:deepslate":68},"minecraft:used":{"minecraft:stone_sword":71,"minecraft:stone_pickaxe":214,"minecraft:iron_sword":6,"minecraft:sand":1,"minecraft:crafting_table":1,"minecraft:carrot":5,"minecraft:oak_log":1,"minecraft:bread":1,"minecraft:stone_axe":13,"minecraft:cobblestone":15,"minecraft:furnace":1,"minecraft:cooked_porkchop":1,"minecraft:cooked_beef":3}},"DataVersion":3839}