{"stats":{"minecraft:dropped":{"minecraft:water_bucket":1,"minecraft:iron_ingot":4,"minecraft:iron_sword":1,"minecraft:stripped_spruce_log":3,"minecraft:wheat_seeds":9,"minecraft:cooked_beef":10,"minecraft:oak_log":36,"minecraft:diamond":15,"minecraft:crafting_table":1,"minecraft:cooked_porkchop":15,"minecraft:oak_fence":4,"minecraft:saddle":1,"minecraft:copper_ingot":1,"minecraft:leather_helmet":2,"minecraft:coal":1,"minecraft:dirt":7,"minecraft:blue_dye":1,"minecraft:torch":9,"minecraft:wooden_axe":1,"minecraft:melon_slice":81,"minecraft:iron_leggings":1,"minecraft:wooden_sword":1,"minecraft:string":4,"minecraft:bone":4,"minecraft:gravel":7,"minecraft:stone_axe":1,"minecraft:kelp":4,"minecraft:cobbled_deepslate":9,"minecraft:stone_sword":2,"minecraft:raw_copper":11,"minecraft:stone_shovel":1,"minecraft:raw_iron":8,"minecraft:blue_wool":1,"minecraft:rotten_flesh":14,"minecraft:oak_planks":9,"minecraft:iron_boots":2,"minecraft:cooked_mutton":4,"minecraft:white_bed":1,"minecraft:oak_sign":1,"minecraft:diamond_sword":2,"minecraft:filled_map":2,"minecraft:shield":2,"minecraft:iron_chestplate":1,"minecraft:diamond_pickaxe":1,"minecraft:andesite":13,"minecraft:oak_sapling":2,"minecraft:leather_leggings":2,"minecraft:spider_eye":2,"minecraft:bamboo":112,"minecraft:spruce_log":71,"minecraft:bow":2,"minecraft:stone_pickaxe":2,"minecraft:wooden_pickaxe":1},"minecraft:broken":{"minecraft:stone_sword":1,"minecraft:stone_pickaxe":1,"minecraft:golden_sword":1,"minecraft:golden_axe":1,"minecraft:iron_pickaxe":1},"minecraft:crafted":{"minecraft:wooden_sword":1,"minecraft:oak_planks":104,"minecraft:stone_shovel":1,"minecraft:furnace":4,"minecraft:cooked_mutton":9,"minecraft:bow":1,"minecraft:iron_boots":2,"minecraft:stone_pickaxe":3,"minecraft:chest":2,"minecraft:cooked_beef":15,"minecraft:cooked_cod":1,"minecraft:diamond_sword":1,"minecraft:crafting_table":1,"minecraft:wooden_pickaxe":1,"minecraft:iron_sword":1,"minecraft:blue_bed":1,"minecraft:bucket":2,"minecraft:stone_axe":2,"minecraft:air":0,"minecraft:blue_dye":3,"minecraft:oak_boat":2,"minecraft:iron_chestplate":2,"minecraft:diamond_pickaxe":2,"minecraft:shield":3,"minecraft:stick":8,"minecraft:iron_ingot":53,"minecraft:iron_pickaxe":1,"minecraft:wooden_axe":1,"minecraft:stone_sword":3,"minecraft:blue_wool":1,"minecraft:iron_leggings":2,"minecraft:gold_ingot":13,"minecraft:white_bed":1,"minecraft:torch":8},"minecraft:picked_up":{"minecraft:crafting_table":12,"minecraft:coarse_dirt":1,"minecraft:leather_leggings":2,"minecraft:smithing_table":1,"minecraft:diamond_sword":1,"minecraft:oak_stairs":26,"minecraft:amethyst_block":18,"minecraft:cornflower":3,"minecraft:string":39,"minecraft:raw_copper":11,"minecraft:iron_axe":1,"minecraft:oak_sign":1,"minecraft:red_sand":1,"minecraft:cobbled_deepslate":261,"minecraft:beef":30,"minecraft:oak_boat":5,"minecraft:calcite":52,"minecraft:iron_pickaxe":1,"minecraft:melon_slice":218,"minecraft:sugar_cane":7,"minecraft:chest":1,"minecraft:iron_boots":1,"minecraft:furnace":4,"minecraft:stick":76,"minecraft:raw_iron":85,"minecraft:brown_terracotta":1,"minecraft:copper_ingot":1,"minecraft:oak_fence":8,"minecraft:torch":20,"minecraft:golden_axe":1,"minecraft:diorite":3,"minecraft:redstone":41,"minecraft:stone_sword":2,"minecraft:arrow":7,"minecraft:rotten_flesh":16,"minecraft:golden_hoe":1,"minecraft:saddle":1,"minecraft:mutton":26,"minecraft:cod":2,"minecraft:white_wool":19,"minecraft:cobblestone":257,"minecraft:glow_ink_sac":1,"minecraft:cooked_beef":7,"minecraft:water_bucket":1,"minecraft:andesite":59,"minecraft:salmon":1,"minecraft:leather":20,"minecraft:potato":2,"minecraft:filled_map":1,"minecraft:oak_log":76,"minecraft:lapis_lazuli":81,"minecraft:blue_bed":1,"minecraft:dirt":18,"minecraft:glass":6,"minecraft:orange_terracotta":1,"minecraft:cooked_mutton":11,"minecraft:bone":6,"minecraft:kelp":4,"minecraft:bow":1,"minecraft:wheat_seeds":10,"minecraft:raw_gold":19,"minecraft:oak_fence_gate":1,"minecraft:stone_pickaxe":2,"minecraft:iron_ingot":7,"minecraft:bamboo":112,"minecraft:iron_sword":1,"minecraft:oak_planks":89,"minecraft:book":48,"minecraft:smooth_basalt":37,"minecraft:cooked_porkchop":17,"minecraft:amethyst_shard":28,"minecraft:gravel":7,"minecraft:sand":106,"minecraft:stripped_spruce_log":3,"minecraft:spruce_sapling":4,"minecraft:white_bed":2,"minecraft:spruce_log":75,"minecraft:spider_eye":2,"minecraft:leather_helmet":2,"minecraft:diamond":25,"minecraft:stone_axe":2,"minecraft:iron_helmet":1,"minecraft:granite":10,"minecraft:emerald":4,"minecraft:bread":7,"minecraft:terracotta":2,"minecraft:oak_sapling":2,"minecraft:coal":50,"minecraft:ender_pearl":1},"minecraft:killed":{"minecraft:armadillo":1,"minecraft:cave_spider":1,"minecraft:spider":5,"minecraft:cod":1,"minecraft:skeleton":11,"minecraft:drowned":5,"minecraft:pig":3,"minecraft:salmon":1,"minecraft:iron_golem":1,"minecraft:bat":1,"minecraft:sheep":11,"minecraft:zombie":19,"minecraft:enderman":1,"minecraft:cow":10},"minecraft:custom":{"minecraft:mob_kills":74,"minecraft:interact_with_crafting_table":37,"minecraft:leave_game":1,"minecraft:time_since_death":88907,"minecraft:climb_one_cm":210,"minecraft:sprint_one_cm":326236,"minecraft:walk_one_cm":297026,"minecraft:damage_blocked_by_shield":443,"minecraft:drop":130,"minecraft:talked_to_villager":2,"minecraft:play_time":141529,"minecraft:deaths":1,"minecraft:sneak_time":14942,"minecraft:walk_under_water_one_cm":42956,"minecraft:boat_one_cm":290980,"minecraft:jump":2018,"minecraft:walk_on_water_one_cm":29922,"minecraft:total_world_time":141529,"minecraft:interact_with_furnace":59,"minecraft:sleep_in_bed":6,"minecraft:time_since_rest":141,"minecraft:damage_taken":2550,"minecraft:damage_dealt":12782,"minecraft:player_kills":1,"minecraft:swim_one_cm":133741,"minecraft:fly_one_cm":294516,"minecraft:open_chest":46,"minecraft:crouch_one_cm":59678,"minecraft:fall_one_cm":50233,"minecraft:use_cauldron":1},"minecraft:mined":{"minecraft:large_amethyst_bud":1,"minecraft:diamond_ore":1,"minecraft:tuff":7,"minecraft:white_bed":1,"minecraft:deepslate_diamond_ore":24,"minecraft:granite":14,"minecraft:red_sand":1,"minecraft:grass_block":3,"minecraft:spruce_leaves":2,"minecraft:kelp":4,"minecraft:spawner":1,"minecraft:tall_seagrass":8,"minecraft:spruce_sapling":1,"minecraft:furnace":2,"minecraft:iron_ore":36,"minecraft:cobbled_deepslate":2,"minecraft:fire":1,"minecraft:andesite":45,"minecraft:stripped_spruce_log":3,"minecraft:deepslate_lapis_ore":4,"minecraft:potatoes":2,"minecraft:bookshelf":8,"minecraft:deepslate_iron_ore":35,"minecraft:dirt_path":1,"minecraft:oak_stairs":28,"minecraft:bamboo":11,"minecraft:stone":176,"minecraft:smithing_table":1,"minecraft:deepslate_redstone_ore":9,"minecraft:kelp_plant":5,"minecraft:amethyst_cluster":7,"minecraft:orange_terracotta":1,"minecraft:oak_fence":5,"minecraft:crafting_table":10,"minecraft:cornflower":3,"minecraft:torch":1,"minecraft:calcite":55,"minecraft:short_grass":57,"minecraft:poppy":1,"minecraft:melon":22,"minecraft:chest":1,"minecraft:dead_bush":38,"minecraft:glass":6,"minecraft:copper_ore":1,"minecraft:cobblestone":37,"minecraft:deepslate_gold_ore":14,"minecraft:lapis_ore":7,"minecraft:oak_planks":22,"minecraft:sugar_cane":6,"minecraft:diorite":6,"minecraft:amethyst_block":18,"minecraft:seagrass":3,"minecraft:coarse_dirt":1,"minecraft:spruce_log":75,"minecraft:coal_ore":32,"minecraft:oak_log":79,"minecraft:oak_fence_gate":1,"minecraft:dirt":7,"minecraft:sand":114,"minecraft:smooth_basalt":38,"minecraft:cobweb":30,"minecraft:brown_terracotta":1,"minecraft:terracotta":2,"minecraft:gold_ore":6,"minecraft:oak_leaves":5,"minecraft:deepslate":248,"minecraft:fern":1},"minecraft:used":{"minecraft:stone_sword":137,"minecraft:red_sand":1,"minecraft:stone_shovel":110,"minecraft:chest":3,"minecraft:shield":3,"minecraft:iron_sword":68,"minecraft:iron_chestplate":1,"minecraft:torch":17,"minecraft:dirt":11,"minecraft:carrot":2,"minecraft:granite":10,"minecraft:brown_terracotta":1,"minecraft:wooden_axe":10,"minecraft:iron_axe":91,"minecraft:iron_helmet":1,"minecraft:iron_boots":1,"minecraft:golden_sword":33,"minecraft:furnace":6,"minecraft:cooked_cod":1,"minecraft:potato":4,"minecraft:cooked_beef":10,"minecraft:cobbled_deepslate":131,"minecraft:orange_terracotta":1,"minecraft:golden_axe":23,"minecraft:iron_leggings":2,"minecraft:wheat_seeds":1,"minecraft:cooked_mutton":11,"minecraft:water_bucket":37,"minecraft:diorite":3,"minecraft:leather_leggings":2,"minecraft:stone_pickaxe":140,"minecraft:oak_planks":3,"minecraft:wooden_pickaxe":40,"minecraft:blue_bed":1,"minecraft:sugar_cane":7,"minecraft:white_wool":4,"minecraft:golden_hoe":29,"minecraft:sand":2,"minecraft:terracotta":2,"minecraft:crafting_table":10,"minecraft:white_bed":1,"minecraft:spruce_log":4,"minecraft:diamond_pickaxe":417,"minecraft:melon_slice":25,"minecraft:bread":10,"minecraft:iron_pickaxe":250,"minecraft:map":1,"minecraft:leather_helmet":1,"minecraft:spruce_sapling":4,"minecraft:stone_axe":175,"minecraft:diamond_sword":39,"minecraft:fire_charge":1,"minecraft:cobblestone":176,"minecraft:cooked_porkchop":1,"minecraft:smithing_table":1,"minecraft:andesite":46,"minecraft:bucket":39,"minecraft:oak_boat":6,"minecraft:coarse_dirt":1}},"DataVersion":3839}