{"stats":{"minecraft:picked_up":{"minecraft:iron_chestplate":1,"minecraft:wheat":24,"minecraft:prismarine_shard":2,"minecraft:smithing_table":1,"minecraft:lead":4,"minecraft:diamond_sword":2,"minecraft:oak_stairs":26,"minecraft:enchanted_book":1,"minecraft:potion":4,"minecraft:amethyst_block":18,"minecraft:polished_blackstone_brick_stairs":4,"minecraft:string":88,"minecraft:soul_soil":4,"minecraft:raw_copper":11,"minecraft:iron_leggings":1,"minecraft:oak_sign":1,"minecraft:diamond_leggings":2,"minecraft:red_sand":1,"minecraft:gold_nugget":54,"minecraft:cobbled_deepslate":1054,"minecraft:trial_key":2,"minecraft:calcite":81,"minecraft:azalea":3,"minecraft:netherite_upgrade_smithing_template":1,"minecraft:iron_pickaxe":1,"minecraft:melon_slice":246,"minecraft:iron_boots":2,"minecraft:furnace":4,"minecraft:stick":112,"minecraft:brown_terracotta":1,"minecraft:oak_fence":8,"minecraft:torch":44,"minecraft:porkchop":5,"minecraft:golden_axe":1,"minecraft:diorite":4,"minecraft:waxed_copper_grate":2,"minecraft:music_disc_pigstep":3,"minecraft:stone_sword":2,"minecraft:rotten_flesh":98,"minecraft:obsidian":48,"minecraft:cod":14,"minecraft:cobblestone":417,"minecraft:nautilus_shell":3,"minecraft:birch_log":90,"minecraft:feather":8,"minecraft:cooked_beef":7,"minecraft:magma_cream":23,"minecraft:cherry_planks":18,"minecraft:water_bucket":1,"minecraft:andesite":68,"minecraft:brown_wool":1,"minecraft:potato":22,"minecraft:flint":2,"minecraft:tuff":13,"minecraft:dirt":71,"minecraft:lapis_lazuli":93,"minecraft:name_tag":1,"minecraft:glass":6,"minecraft:bone":57,"minecraft:bow":8,"minecraft:wheat_seeds":80,"minecraft:raw_gold":45,"minecraft:bolt_armor_trim_smithing_template":2,"minecraft:diamond_helmet":1,"minecraft:bamboo":112,"minecraft:scrape_pottery_sherd":1,"minecraft:oak_planks":135,"minecraft:ghast_tear":3,"minecraft:cooked_porkchop":25,"minecraft:sand":143,"minecraft:stripped_spruce_log":3,"minecraft:grass_block":2,"minecraft:spectral_arrow":5,"minecraft:dark_oak_log":42,"minecraft:diamond":53,"minecraft:cracked_polished_blackstone_bricks":17,"minecraft:granite":12,"minecraft:crossbow":11,"minecraft:breeze_rod":1,"minecraft:golden_apple":1,"minecraft:bread":9,"minecraft:emerald":33,"minecraft:rooted_dirt":1,"minecraft:oak_sapling":35,"minecraft:netherrack":144,"minecraft:crimson_roots":1,"minecraft:diamond_pickaxe":1,"minecraft:fishing_rod":1,"minecraft:coarse_dirt":1,"minecraft:crafting_table":17,"minecraft:ominous_bottle":1,"minecraft:chicken":5,"minecraft:leather_leggings":2,"minecraft:gold_block":24,"minecraft:brick":29,"minecraft:wind_charge":18,"minecraft:cornflower":3,"minecraft:iron_axe":3,"minecraft:iron_shovel":3,"minecraft:white_carpet":1,"minecraft:blackstone":13,"minecraft:beef":41,"minecraft:oak_boat":5,"minecraft:chiseled_tuff":2,"minecraft:guster_pottery_sherd":2,"minecraft:sugar_cane":85,"minecraft:chest":1,"minecraft:birch_sapling":4,"minecraft:egg":1,"minecraft:raw_iron":135,"minecraft:sandstone":2,"minecraft:copper_ingot":4,"minecraft:fire_charge":4,"minecraft:polished_blackstone_bricks":59,"minecraft:carrot":305,"minecraft:redstone":69,"minecraft:diamond_chestplate":1,"minecraft:arrow":92,"minecraft:decorated_pot":7,"minecraft:golden_hoe":1,"minecraft:diamond_boots":2,"minecraft:saddle":1,"minecraft:gold_ingot":184,"minecraft:tuff_bricks":36,"minecraft:glow_berries":6,"minecraft:mutton":26,"minecraft:white_wool":20,"minecraft:bone_block":48,"minecraft:wet_sponge":1,"minecraft:basalt":29,"minecraft:golden_carrot":17,"minecraft:glow_ink_sac":1,"minecraft:salmon":6,"minecraft:leather":49,"minecraft:birch_planks":15,"minecraft:filled_map":2,"minecraft:waxed_copper_bulb":4,"minecraft:lily_pad":1,"minecraft:oak_log":238,"minecraft:waxed_copper_block":3,"minecraft:golden_boots":1,"minecraft:gunpowder":22,"minecraft:blue_bed":2,"minecraft:white_banner":2,"minecraft:orange_terracotta":1,"minecraft:cooked_mutton":24,"minecraft:apple":6,"minecraft:kelp":10,"minecraft:oak_fence_gate":1,"minecraft:iron_ingot":13,"minecraft:stone_pickaxe":2,"minecraft:cooked_chicken":5,"minecraft:soul_sand":19,"minecraft:flowering_azalea":1,"minecraft:iron_sword":1,"minecraft:book":48,"minecraft:smooth_basalt":58,"minecraft:sweet_berries":18,"minecraft:birch_boat":1,"minecraft:pumpkin":16,"minecraft:quartz":18,"minecraft:gravel":143,"minecraft:amethyst_shard":32,"minecraft:spruce_sapling":6,"minecraft:white_bed":2,"minecraft:spruce_log":75,"minecraft:spider_eye":22,"minecraft:leather_helmet":3,"minecraft:diamond_shovel":1,"minecraft:stone_axe":2,"minecraft:iron_helmet":2,"minecraft:diamond_axe":1,"minecraft:gray_wool":1,"minecraft:terracotta":8,"minecraft:baked_potato":3,"minecraft:chiseled_tuff_bricks":4,"minecraft:coal":108,"minecraft:ender_pearl":6},"minecraft:custom":{"minecraft:interact_with_crafting_table":83,"minecraft:open_barrel":14,"minecraft:leave_game":20,"minecraft:time_since_death":4221,"minecraft:damage_resisted":203,"minecraft:sprint_one_cm":1552749,"minecraft:damage_blocked_by_shield":6924,"minecraft:drop":418,"minecraft:talked_to_villager":25,"minecraft:play_time":544840,"minecraft:deaths":12,"minecraft:jump":7554,"minecraft:walk_on_water_one_cm":98512,"minecraft:enchant_item":1,"minecraft:interact_with_furnace":146,"minecraft:play_record":3,"minecraft:traded_with_villager":6,"minecraft:sleep_in_bed":20,"minecraft:damage_dealt":64415,"minecraft:player_kills":19,"minecraft:crouch_one_cm":151601,"minecraft:use_cauldron":1,"minecraft:inspect_dispenser":2,"minecraft:mob_kills":399,"minecraft:interact_with_anvil":10,"minecraft:climb_one_cm":16835,"minecraft:walk_one_cm":1275214,"minecraft:raid_win":1,"minecraft:sneak_time":44419,"minecraft:walk_under_water_one_cm":186578,"minecraft:boat_one_cm":553525,"minecraft:total_world_time":544840,"minecraft:time_since_rest":4241,"minecraft:damage_taken":18707,"minecraft:damage_absorbed":301,"minecraft:trigger_trapped_chest":2,"minecraft:swim_one_cm":549593,"minecraft:fly_one_cm":1270664,"minecraft:open_chest":380,"minecraft:fall_one_cm":208750},"minecraft:killed_by":{"minecraft:piglin_brute":2,"minecraft:creeper":2,"minecraft:elder_guardian":1,"minecraft:player":3,"minecraft:skeleton":1},"minecraft:dropped":{"minecraft:guster_pottery_sherd":1,"minecraft:iron_sword":1,"minecraft:soul_sand":7,"minecraft:birch_planks":53,"minecraft:diamond_axe":1,"minecraft:cooked_beef":10,"minecraft:glow_ink_sac":1,"minecraft:oak_log":36,"minecraft:baked_potato":8,"minecraft:ender_pearl":1,"minecraft:glass_bottle":3,"minecraft:diamond":29,"minecraft:crafting_table":2,"minecraft:cooked_porkchop":15,"minecraft:netherite_upgrade_smithing_template":2,"minecraft:crossbow":5,"minecraft:leather":6,"minecraft:saddle":1,"minecraft:leather_helmet":2,"minecraft:cod":7,"minecraft:cracked_polished_blackstone_bricks":8,"minecraft:dirt":20,"minecraft:netherite_scrap":1,"minecraft:polished_blackstone_brick_stairs":3,"minecraft:crimson_roots":1,"minecraft:cooked_cod":4,"minecraft:gold_nugget":7,"minecraft:wooden_sword":1,"minecraft:bone_block":13,"minecraft:sand":7,"minecraft:bolt_armor_trim_smithing_template":1,"minecraft:fishing_rod":1,"minecraft:white_wool":5,"minecraft:gold_ingot":264,"minecraft:bone":19,"minecraft:gravel":70,"minecraft:stone_axe":1,"minecraft:blackstone":12,"minecraft:spyglass":2,"minecraft:ancient_debris":1,"minecraft:cobbled_deepslate":701,"minecraft:wheat":4,"minecraft:birch_sapling":3,"minecraft:obsidian":7,"minecraft:blue_wool":1,"minecraft:oak_planks":73,"minecraft:rotten_flesh":56,"minecraft:enchanted_golden_apple":5,"minecraft:diamond_shovel":1,"minecraft:cooked_mutton":5,"minecraft:white_bed":1,"minecraft:carrot":7,"minecraft:wind_charge":1,"minecraft:azalea":1,"minecraft:leather_leggings":2,"minecraft:basalt":2,"minecraft:arrow":20,"minecraft:glass":6,"minecraft:ghast_tear":1,"minecraft:enchanted_book":1,"minecraft:iron_ingot":25,"minecraft:water_bucket":1,"minecraft:golden_boots":1,"minecraft:stripped_spruce_log":3,"minecraft:wheat_seeds":23,"minecraft:tnt":2,"minecraft:diamond_leggings":3,"minecraft:feather":7,"minecraft:cobblestone":82,"minecraft:oak_fence":4,"minecraft:spectral_arrow":10,"minecraft:copper_ingot":4,"minecraft:grass_block":1,"minecraft:coal":1,"minecraft:golden_apple":1,"minecraft:stick":9,"minecraft:blue_dye":1,"minecraft:golden_carrot":39,"minecraft:torch":14,"minecraft:wooden_axe":1,"minecraft:brown_wool":1,"minecraft:melon_slice":92,"minecraft:cherry_planks":7,"minecraft:cooked_salmon":3,"minecraft:map":3,"minecraft:diamond_helmet":2,"minecraft:fire_charge":2,"minecraft:potion":1,"minecraft:iron_leggings":1,"minecraft:iron_shovel":1,"minecraft:string":19,"minecraft:redstone":63,"minecraft:tuff_bricks":23,"minecraft:kelp":7,"minecraft:soul_soil":2,"minecraft:netherite_ingot":7,"minecraft:stone_sword":2,"minecraft:raw_copper":11,"minecraft:stone_shovel":1,"minecraft:raw_iron":8,"minecraft:chicken":5,"minecraft:iron_boots":2,"minecraft:name_tag":1,"minecraft:oak_sign":1,"minecraft:flint_and_steel":1,"minecraft:filled_map":5,"minecraft:diamond_sword":3,"minecraft:shield":2,"minecraft:diamond_chestplate":2,"minecraft:diamond_pickaxe":2,"minecraft:iron_chestplate":1,"minecraft:andesite":17,"minecraft:oak_sapling":5,"minecraft:spider_eye":19,"minecraft:bamboo":112,"minecraft:spruce_log":71,"minecraft:diamond_boots":2,"minecraft:bow":5,"minecraft:stone_pickaxe":2,"minecraft:wooden_pickaxe":1,"minecraft:magma_cream":35,"minecraft:calcite":15,"minecraft:brick":29},"minecraft:killed":{"minecraft:cave_spider":18,"minecraft:zombified_piglin":2,"minecraft:witch":1,"minecraft:spider":25,"minecraft:cod":12,"minecraft:skeleton":51,"minecraft:guardian":8,"minecraft:chicken":7,"minecraft:piglin_brute":9,"minecraft:magma_cube":52,"minecraft:piglin":3,"minecraft:pig":6,"minecraft:elder_guardian":1,"minecraft:salmon":6,"minecraft:iron_golem":1,"minecraft:creeper":19,"minecraft:sheep":13,"minecraft:trader_llama":4,"minecraft:pillager":7,"minecraft:zombie":88,"minecraft:ghast":1,"minecraft:cow":15,"minecraft:armadillo":1,"minecraft:vindicator":2,"minecraft:drowned":23,"minecraft:bat":2,"minecraft:breeze":1,"minecraft:villager":1,"minecraft:enderman":7},"minecraft:used":{"minecraft:tuff_bricks":13,"minecraft:red_sand":1,"minecraft:iron_shovel":3,"minecraft:chiseled_tuff":1,"minecraft:decorated_pot":7,"minecraft:chest":9,"minecraft:shield":110,"minecraft:iron_sword":236,"minecraft:rotten_flesh":2,"minecraft:iron_chestplate":3,"minecraft:soul_sand":3,"minecraft:carrot":200,"minecraft:waxed_copper_grate":1,"minecraft:tuff":4,"minecraft:milk_bucket":1,"minecraft:obsidian":27,"minecraft:lava_bucket":14,"minecraft:music_disc_pigstep":3,"minecraft:grass_block":1,"minecraft:iron_helmet":3,"minecraft:golden_sword":33,"minecraft:bow":65,"minecraft:furnace":7,"minecraft:cooked_cod":4,"minecraft:potato":6,"minecraft:diorite":4,"minecraft:leather_leggings":2,"minecraft:diamond_boots":2,"minecraft:stone_pickaxe":140,"minecraft:blackstone":1,"minecraft:ender_pearl":1,"minecraft:oak_planks":4,"minecraft:wooden_pickaxe":40,"minecraft:sandstone":18,"minecraft:diamond_axe":407,"minecraft:sugar_cane":61,"minecraft:blue_bed":2,"minecraft:glow_berries":2,"minecraft:white_wool":4,"minecraft:golden_apple":2,"minecraft:golden_hoe":53,"minecraft:sand":15,"minecraft:crossbow":22,"minecraft:mace":4,"minecraft:bread":19,"minecraft:melon_slice":35,"minecraft:gravel":25,"minecraft:golden_helmet":1,"minecraft:chiseled_tuff_bricks":1,"minecraft:diamond_sword":763,"minecraft:fire_charge":3,"minecraft:smithing_table":1,"minecraft:andesite":51,"minecraft:oak_boat":6,"minecraft:coarse_dirt":1,"minecraft:bone_meal":93,"minecraft:waxed_copper_bulb":3,"minecraft:azalea":2,"minecraft:stone_sword":137,"minecraft:flint_and_steel":11,"minecraft:stone_shovel":110,"minecraft:cooked_salmon":2,"minecraft:cooked_chicken":5,"minecraft:netherrack":141,"minecraft:trial_key":2,"minecraft:oak_door":9,"minecraft:torch":88,"minecraft:dirt":50,"minecraft:spyglass":37,"minecraft:anvil":1,"minecraft:white_carpet":1,"minecraft:diamond_helmet":2,"minecraft:granite":11,"minecraft:wooden_axe":10,"minecraft:brown_terracotta":1,"minecraft:flowering_azalea":1,"minecraft:iron_axe":141,"minecraft:rooted_dirt":1,"minecraft:polished_blackstone_brick_stairs":1,"minecraft:iron_boots":3,"minecraft:diamond_chestplate":2,"minecraft:basalt":26,"minecraft:golden_carrot":25,"minecraft:soul_soil":2,"minecraft:trapped_chest":1,"minecraft:cooked_beef":10,"minecraft:cobbled_deepslate":249,"minecraft:orange_terracotta":1,"minecraft:enchanted_golden_apple":5,"minecraft:iron_leggings":4,"minecraft:golden_axe":23,"minecraft:calcite":49,"minecraft:wheat_seeds":34,"minecraft:cooked_mutton":23,"minecraft:water_bucket":161,"minecraft:birch_planks":18,"minecraft:baked_potato":17,"minecraft:birch_boat":2,"minecraft:cherry_planks":9,"minecraft:polished_blackstone_bricks":57,"minecraft:terracotta":2,"minecraft:tnt":1,"minecraft:crafting_table":17,"minecraft:white_bed":1,"minecraft:spruce_log":4,"minecraft:oak_log":7,"minecraft:apple":3,"minecraft:diamond_pickaxe":2088,"minecraft:cracked_polished_blackstone_bricks":9,"minecraft:wind_charge":4,"minecraft:iron_pickaxe":253,"minecraft:map":2,"minecraft:leather_helmet":1,"minecraft:spruce_sapling":6,"minecraft:stone_axe":175,"minecraft:cobblestone":246,"minecraft:potion":3,"minecraft:white_banner":1,"minecraft:cooked_porkchop":44,"minecraft:bucket":177,"minecraft:gray_wool":1,"minecraft:jukebox":1,"minecraft:diamond_leggings":2},"minecraft:mined":{"minecraft:large_amethyst_bud":1,"minecraft:white_bed":1,"minecraft:obsidian":21,"minecraft:granite":17,"minecraft:red_sand":1,"minecraft:grass_block":32,"minecraft:cracked_polished_blackstone_bricks":11,"minecraft:soul_soil":4,"minecraft:chiseled_tuff_bricks":4,"minecraft:tuff_bricks":52,"minecraft:spawner":4,"minecraft:polished_blackstone_bricks":59,"minecraft:tall_seagrass":11,"minecraft:cobbled_deepslate":9,"minecraft:iron_ore":63,"minecraft:fire":14,"minecraft:pumpkin":16,"minecraft:deepslate_lapis_ore":6,"minecraft:flowering_azalea_leaves":7,"minecraft:dirt_path":2,"minecraft:oak_stairs":28,"minecraft:azalea_leaves":18,"minecraft:azalea":1,"minecraft:deepslate_redstone_ore":15,"minecraft:blackstone":8,"minecraft:kelp_plant":14,"minecraft:amethyst_cluster":7,"minecraft:soul_fire":12,"minecraft:orange_terracotta":1,"minecraft:clay":2,"minecraft:torch":16,"minecraft:calcite":68,"minecraft:melon":22,"minecraft:poppy":1,"minecraft:chest":3,"minecraft:dead_bush":38,"minecraft:nether_quartz_ore":18,"minecraft:glass":6,"minecraft:cobblestone":95,"minecraft:oak_planks":27,"minecraft:prismarine":1,"minecraft:sugar_cane":45,"minecraft:wall_torch":4,"minecraft:amethyst_block":18,"minecraft:seagrass":4,"minecraft:waxed_copper_bulb":4,"minecraft:birch_log":85,"minecraft:wheat":26,"minecraft:waxed_copper_block":4,"minecraft:oak_log":243,"minecraft:oak_fence_gate":1,"minecraft:sand":148,"minecraft:dirt":14,"minecraft:smooth_basalt":59,"minecraft:netherrack":150,"minecraft:oak_leaves":57,"minecraft:deepslate":1079,"minecraft:nether_gold_ore":15,"minecraft:dark_prismarine":7,"minecraft:diamond_ore":1,"minecraft:tuff":24,"minecraft:deepslate_diamond_ore":43,"minecraft:dark_oak_log":42,"minecraft:decorated_pot":14,"minecraft:spruce_leaves":2,"minecraft:kelp":5,"minecraft:sandstone":6,"minecraft:rooted_dirt":1,"minecraft:large_fern":3,"minecraft:spruce_sapling":1,"minecraft:furnace":2,"minecraft:carrots":83,"minecraft:waxed_copper_grate":2,"minecraft:andesite":51,"minecraft:stripped_spruce_log":3,"minecraft:gold_block":25,"minecraft:chiseled_tuff":2,"minecraft:bookshelf":8,"minecraft:potatoes":7,"minecraft:deepslate_iron_ore":58,"minecraft:vine":2,"minecraft:bamboo":11,"minecraft:stone":261,"minecraft:bone_block":25,"minecraft:smithing_table":1,"minecraft:podzol":1,"minecraft:cherry_planks":18,"minecraft:soul_sand":4,"minecraft:basalt":29,"minecraft:oak_fence":5,"minecraft:crafting_table":14,"minecraft:cornflower":3,"minecraft:short_grass":157,"minecraft:copper_ore":1,"minecraft:tall_grass":6,"minecraft:deepslate_gold_ore":41,"minecraft:lapis_ore":7,"minecraft:lily_pad":1,"minecraft:polished_blackstone_brick_stairs":2,"minecraft:diorite":7,"minecraft:blue_bed":1,"minecraft:birch_planks":18,"minecraft:coarse_dirt":1,"minecraft:sweet_berry_bush":2,"minecraft:white_carpet":2,"minecraft:spruce_log":75,"minecraft:birch_leaves":4,"minecraft:coal_ore":90,"minecraft:gravel":40,"minecraft:cobweb":39,"minecraft:brown_terracotta":1,"minecraft:terracotta":2,"minecraft:gold_ore":6,"minecraft:fern":3},"minecraft:broken":{"minecraft:diamond_helmet":1,"minecraft:stone_pickaxe":1,"minecraft:golden_sword":1,"minecraft:iron_sword":1,"minecraft:stone_sword":1,"minecraft:shield":2,"minecraft:golden_axe":1,"minecraft:iron_pickaxe":1,"minecraft:iron_helmet":1},"minecraft:crafted":{"minecraft:oak_planks":636,"minecraft:birch_boat":1,"minecraft:cooked_mutton":9,"minecraft:diamond_helmet":2,"minecraft:diamond_leggings":2,"minecraft:bow":1,"minecraft:iron_boots":2,"minecraft:chest":8,"minecraft:map":4,"minecraft:diamond_axe":1,"minecraft:crafting_table":3,"minecraft:wooden_pickaxe":1,"minecraft:baked_potato":22,"minecraft:iron_helmet":1,"minecraft:copper_ingot":27,"minecraft:birch_planks":232,"minecraft:tnt":3,"minecraft:iron_chestplate":2,"minecraft:paper":9,"minecraft:diamond_pickaxe":2,"minecraft:shield":4,"minecraft:stick":20,"minecraft:iron_ingot":110,"minecraft:iron_pickaxe":2,"minecraft:iron_block":3,"minecraft:stone_sword":3,"minecraft:gold_ingot":199,"minecraft:golden_carrot":47,"minecraft:wooden_sword":1,"minecraft:oak_door":9,"minecraft:redstone":4,"minecraft:stone_shovel":1,"minecraft:jukebox":1,"minecraft:spyglass":2,"minecraft:wind_charge":4,"minecraft:furnace":4,"minecraft:bone_meal":93,"minecraft:flint_and_steel":2,"minecraft:iron_axe":1,"minecraft:stone_pickaxe":3,"minecraft:diamond_boots":1,"minecraft:cooked_beef":15,"minecraft:cooked_cod":6,"minecraft:crossbow":1,"minecraft:diamond_sword":2,"minecraft:iron_sword":1,"minecraft:blue_bed":1,"minecraft:cooked_salmon":1,"minecraft:bucket":2,"minecraft:stone_axe":2,"minecraft:bread":6,"minecraft:air":0,"minecraft:blue_dye":3,"minecraft:oak_boat":2,"minecraft:gold_nugget":333,"minecraft:wooden_axe":1,"minecraft:blue_wool":1,"minecraft:iron_leggings":2,"minecraft:anvil":1,"minecraft:white_bed":1,"minecraft:torch":56,"minecraft:diamond_chestplate":2}},"DataVersion":3839}