{"stats":{"minecraft:broken":{"minecraft:stone_pickaxe":1,"minecraft:golden_sword":1,"minecraft:iron_sword":1,"minecraft:stone_sword":1,"minecraft:golden_axe":1,"minecraft:iron_pickaxe":1},"minecraft:killed":{"minecraft:cave_spider":18,"minecraft:spider":6,"minecraft:cod":1,"minecraft:skeleton":21,"minecraft:chicken":4,"minecraft:pig":3,"minecraft:salmon":1,"minecraft:iron_golem":1,"minecraft:creeper":1,"minecraft:sheep":11,"minecraft:zombie":40,"minecraft:cow":10,"minecraft:armadillo":1,"minecraft:drowned":5,"minecraft:bat":1,"minecraft:breeze":1,"minecraft:villager":1,"minecraft:enderman":2},"minecraft:dropped":{"minecraft:iron_sword":1,"minecraft:cooked_beef":10,"minecraft:oak_log":36,"minecraft:glow_ink_sac":1,"minecraft:glass_bottle":1,"minecraft:diamond":15,"minecraft:crafting_table":1,"minecraft:cooked_porkchop":15,"minecraft:saddle":1,"minecraft:leather_helmet":2,"minecraft:dirt":7,"minecraft:wooden_sword":1,"minecraft:white_wool":4,"minecraft:bone":18,"minecraft:gravel":7,"minecraft:stone_axe":1,"minecraft:spyglass":1,"minecraft:cobbled_deepslate":9,"minecraft:wheat":1,"minecraft:blue_wool":1,"minecraft:rotten_flesh":23,"minecraft:oak_planks":9,"minecraft:cooked_mutton":4,"minecraft:white_bed":1,"minecraft:azalea":1,"minecraft:leather_leggings":2,"minecraft:glass":6,"minecraft:water_bucket":1,"minecraft:iron_ingot":4,"minecraft:stripped_spruce_log":3,"minecraft:wheat_seeds":11,"minecraft:oak_fence":4,"minecraft:feather":5,"minecraft:copper_ingot":1,"minecraft:coal":1,"minecraft:golden_apple":1,"minecraft:blue_dye":1,"minecraft:torch":9,"minecraft:wooden_axe":1,"minecraft:melon_slice":81,"minecraft:iron_leggings":1,"minecraft:string":6,"minecraft:tuff_bricks":12,"minecraft:kelp":4,"minecraft:stone_sword":2,"minecraft:raw_copper":11,"minecraft:raw_iron":8,"minecraft:stone_shovel":1,"minecraft:chicken":4,"minecraft:iron_boots":2,"minecraft:oak_sign":1,"minecraft:filled_map":2,"minecraft:diamond_sword":2,"minecraft:shield":2,"minecraft:iron_chestplate":1,"minecraft:diamond_pickaxe":1,"minecraft:andesite":13,"minecraft:oak_sapling":2,"minecraft:spider_eye":14,"minecraft:bamboo":112,"minecraft:spruce_log":71,"minecraft:bow":2,"minecraft:stone_pickaxe":2,"minecraft:wooden_pickaxe":1,"minecraft:brick":29},"minecraft:mined":{"minecraft:large_amethyst_bud":1,"minecraft:white_bed":1,"minecraft:granite":14,"minecraft:red_sand":1,"minecraft:grass_block":4,"minecraft:chiseled_tuff_bricks":3,"minecraft:tuff_bricks":52,"minecraft:spawner":3,"minecraft:tall_seagrass":8,"minecraft:iron_ore":36,"minecraft:cobbled_deepslate":2,"minecraft:fire":1,"minecraft:deepslate_lapis_ore":6,"minecraft:dirt_path":1,"minecraft:oak_stairs":28,"minecraft:azalea":1,"minecraft:deepslate_redstone_ore":9,"minecraft:kelp_plant":5,"minecraft:amethyst_cluster":7,"minecraft:orange_terracotta":1,"minecraft:clay":2,"minecraft:torch":1,"minecraft:melon":22,"minecraft:poppy":1,"minecraft:calcite":68,"minecraft:chest":1,"minecraft:dead_bush":38,"minecraft:glass":6,"minecraft:cobblestone":49,"minecraft:oak_planks":22,"minecraft:sugar_cane":6,"minecraft:wall_torch":1,"minecraft:amethyst_block":18,"minecraft:seagrass":3,"minecraft:waxed_copper_bulb":3,"minecraft:wheat":15,"minecraft:waxed_copper_block":4,"minecraft:oak_log":79,"minecraft:oak_fence_gate":1,"minecraft:sand":114,"minecraft:dirt":7,"minecraft:smooth_basalt":59,"minecraft:oak_leaves":5,"minecraft:deepslate":278,"minecraft:diamond_ore":1,"minecraft:tuff":7,"minecraft:deepslate_diamond_ore":31,"minecraft:decorated_pot":11,"minecraft:spruce_leaves":2,"minecraft:kelp":4,"minecraft:furnace":2,"minecraft:spruce_sapling":1,"minecraft:carrots":6,"minecraft:waxed_copper_grate":1,"minecraft:andesite":45,"minecraft:stripped_spruce_log":3,"minecraft:chiseled_tuff":1,"minecraft:bookshelf":8,"minecraft:potatoes":7,"minecraft:deepslate_iron_ore":41,"minecraft:vine":2,"minecraft:bamboo":11,"minecraft:stone":176,"minecraft:smithing_table":1,"minecraft:oak_fence":5,"minecraft:cornflower":3,"minecraft:crafting_table":12,"minecraft:short_grass":78,"minecraft:copper_ore":1,"minecraft:tall_grass":6,"minecraft:deepslate_gold_ore":18,"minecraft:lapis_ore":7,"minecraft:diorite":6,"minecraft:coarse_dirt":1,"minecraft:spruce_log":75,"minecraft:coal_ore":32,"minecraft:cobweb":39,"minecraft:brown_terracotta":1,"minecraft:terracotta":2,"minecraft:gold_ore":6,"minecraft:fern":1},"minecraft:crafted":{"minecraft:oak_planks":112,"minecraft:cooked_mutton":9,"minecraft:bow":1,"minecraft:iron_boots":2,"minecraft:chest":6,"minecraft:crafting_table":1,"minecraft:wooden_pickaxe":1,"minecraft:iron_chestplate":2,"minecraft:diamond_pickaxe":2,"minecraft:shield":3,"minecraft:stick":8,"minecraft:iron_ingot":65,"minecraft:iron_pickaxe":1,"minecraft:stone_sword":3,"minecraft:gold_ingot":23,"minecraft:wooden_sword":1,"minecraft:stone_shovel":1,"minecraft:spyglass":2,"minecraft:furnace":4,"minecraft:stone_pickaxe":3,"minecraft:cooked_beef":15,"minecraft:cooked_cod":1,"minecraft:diamond_sword":1,"minecraft:iron_sword":1,"minecraft:blue_bed":1,"minecraft:bucket":2,"minecraft:stone_axe":2,"minecraft:bread":4,"minecraft:air":0,"minecraft:blue_dye":3,"minecraft:oak_boat":2,"minecraft:wooden_axe":1,"minecraft:blue_wool":1,"minecraft:iron_leggings":2,"minecraft:white_bed":1,"minecraft:torch":8},"minecraft:used":{"minecraft:tuff_bricks":13,"minecraft:red_sand":1,"minecraft:decorated_pot":1,"minecraft:chest":7,"minecraft:shield":33,"minecraft:iron_sword":236,"minecraft:rotten_flesh":2,"minecraft:iron_chestplate":1,"minecraft:carrot":8,"minecraft:iron_helmet":1,"minecraft:golden_sword":33,"minecraft:furnace":6,"minecraft:cooked_cod":1,"minecraft:potato":6,"minecraft:diorite":3,"minecraft:leather_leggings":2,"minecraft:stone_pickaxe":140,"minecraft:oak_planks":3,"minecraft:wooden_pickaxe":40,"minecraft:blue_bed":1,"minecraft:sugar_cane":7,"minecraft:golden_apple":2,"minecraft:white_wool":4,"minecraft:golden_hoe":29,"minecraft:sand":2,"minecraft:crossbow":1,"minecraft:melon_slice":25,"minecraft:bread":15,"minecraft:diamond_sword":39,"minecraft:fire_charge":1,"minecraft:smithing_table":1,"minecraft:andesite":46,"minecraft:oak_boat":6,"minecraft:coarse_dirt":1,"minecraft:waxed_copper_bulb":2,"minecraft:stone_sword":137,"minecraft:stone_shovel":110,"minecraft:cooked_chicken":1,"minecraft:trial_key":2,"minecraft:torch":26,"minecraft:dirt":12,"minecraft:spyglass":36,"minecraft:granite":10,"minecraft:brown_terracotta":1,"minecraft:wooden_axe":10,"minecraft:iron_axe":114,"minecraft:iron_boots":1,"minecraft:cooked_beef":10,"minecraft:cobbled_deepslate":182,"minecraft:orange_terracotta":1,"minecraft:golden_axe":23,"minecraft:iron_leggings":2,"minecraft:wheat_seeds":32,"minecraft:cooked_mutton":20,"minecraft:water_bucket":40,"minecraft:baked_potato":1,"minecraft:terracotta":2,"minecraft:crafting_table":12,"minecraft:white_bed":1,"minecraft:spruce_log":4,"minecraft:diamond_pickaxe":590,"minecraft:iron_pickaxe":250,"minecraft:map":1,"minecraft:leather_helmet":1,"minecraft:spruce_sapling":4,"minecraft:stone_axe":175,"minecraft:cobblestone":197,"minecraft:potion":1,"minecraft:cooked_porkchop":2,"minecraft:bucket":42},"minecraft:custom":{"minecraft:interact_with_crafting_table":48,"minecraft:open_barrel":5,"minecraft:leave_game":3,"minecraft:time_since_death":132689,"minecraft:sprint_one_cm":523370,"minecraft:damage_blocked_by_shield":1297,"minecraft:drop":157,"minecraft:talked_to_villager":3,"minecraft:play_time":185311,"minecraft:deaths":1,"minecraft:jump":2597,"minecraft:walk_on_water_one_cm":30997,"minecraft:interact_with_furnace":69,"minecraft:sleep_in_bed":6,"minecraft:damage_dealt":21936,"minecraft:player_kills":1,"minecraft:crouch_one_cm":75016,"minecraft:use_cauldron":1,"minecraft:inspect_dispenser":2,"minecraft:mob_kills":132,"minecraft:climb_one_cm":2636,"minecraft:walk_one_cm":439931,"minecraft:sneak_time":18471,"minecraft:walk_under_water_one_cm":42956,"minecraft:boat_one_cm":290980,"minecraft:total_world_time":185311,"minecraft:time_since_rest":43923,"minecraft:damage_taken":3813,"minecraft:damage_absorbed":79,"minecraft:swim_one_cm":133741,"minecraft:fly_one_cm":415553,"minecraft:open_chest":83,"minecraft:fall_one_cm":69507},"minecraft:picked_up":{"minecraft:wheat":13,"minecraft:smithing_table":1,"minecraft:diamond_sword":1,"minecraft:oak_stairs":26,"minecraft:potion":1,"minecraft:amethyst_block":18,"minecraft:string":59,"minecraft:raw_copper":11,"minecraft:oak_sign":1,"minecraft:red_sand":1,"minecraft:cobbled_deepslate":295,"minecraft:trial_key":2,"minecraft:calcite":65,"minecraft:azalea":1,"minecraft:iron_pickaxe":1,"minecraft:melon_slice":218,"minecraft:iron_boots":1,"minecraft:furnace":4,"minecraft:stick":76,"minecraft:brown_terracotta":1,"minecraft:oak_fence":8,"minecraft:torch":21,"minecraft:golden_axe":1,"minecraft:waxed_copper_grate":1,"minecraft:diorite":3,"minecraft:stone_sword":2,"minecraft:rotten_flesh":25,"minecraft:cod":2,"minecraft:cobblestone":269,"minecraft:feather":5,"minecraft:cooked_beef":7,"minecraft:water_bucket":1,"minecraft:andesite":59,"minecraft:potato":22,"minecraft:lapis_lazuli":93,"minecraft:dirt":19,"minecraft:glass":6,"minecraft:bone":19,"minecraft:bow":2,"minecraft:wheat_seeds":45,"minecraft:raw_gold":23,"minecraft:bolt_armor_trim_smithing_template":1,"minecraft:bamboo":112,"minecraft:scrape_pottery_sherd":1,"minecraft:oak_planks":89,"minecraft:cooked_porkchop":17,"minecraft:sand":106,"minecraft:stripped_spruce_log":3,"minecraft:diamond":35,"minecraft:crossbow":1,"minecraft:granite":10,"minecraft:breeze_rod":1,"minecraft:golden_apple":1,"minecraft:emerald":17,"minecraft:bread":7,"minecraft:oak_sapling":2,"minecraft:coarse_dirt":1,"minecraft:crafting_table":14,"minecraft:chicken":4,"minecraft:leather_leggings":2,"minecraft:brick":29,"minecraft:wind_charge":18,"minecraft:cornflower":3,"minecraft:iron_axe":1,"minecraft:beef":30,"minecraft:oak_boat":5,"minecraft:chiseled_tuff":1,"minecraft:guster_pottery_sherd":1,"minecraft:sugar_cane":7,"minecraft:chest":1,"minecraft:raw_iron":91,"minecraft:copper_ingot":1,"minecraft:carrot":20,"minecraft:redstone":41,"minecraft:arrow":37,"minecraft:decorated_pot":3,"minecraft:golden_hoe":1,"minecraft:saddle":1,"minecraft:tuff_bricks":36,"minecraft:glow_berries":4,"minecraft:mutton":26,"minecraft:white_wool":19,"minecraft:glow_ink_sac":1,"minecraft:salmon":1,"minecraft:leather":20,"minecraft:filled_map":1,"minecraft:waxed_copper_bulb":3,"minecraft:oak_log":76,"minecraft:waxed_copper_block":3,"minecraft:gunpowder":2,"minecraft:blue_bed":1,"minecraft:orange_terracotta":1,"minecraft:cooked_mutton":20,"minecraft:kelp":4,"minecraft:iron_ingot":13,"minecraft:oak_fence_gate":1,"minecraft:stone_pickaxe":2,"minecraft:cooked_chicken":2,"minecraft:iron_sword":1,"minecraft:book":48,"minecraft:smooth_basalt":58,"minecraft:gravel":7,"minecraft:amethyst_shard":32,"minecraft:spruce_sapling":4,"minecraft:white_bed":2,"minecraft:spruce_log":75,"minecraft:spider_eye":16,"minecraft:leather_helmet":2,"minecraft:stone_axe":2,"minecraft:iron_helmet":1,"minecraft:terracotta":2,"minecraft:baked_potato":3,"minecraft:chiseled_tuff_bricks":3,"minecraft:coal":50,"minecraft:ender_pearl":2}},"DataVersion":3839}